,mean_fit_time,std_fit_time,mean_score_time,std_score_time,param_NN__alpha,param_NN__hidden_layer_sizes,param_rp__n_components,params,split0_test_score,split1_test_score,split2_test_score,split3_test_score,split4_test_score,mean_test_score,std_test_score,rank_test_score,split0_train_score,split1_train_score,split2_train_score,split3_train_score,split4_train_score,mean_train_score,std_train_score
0,0.16173596382141114,0.016891512337572363,0.003123760223388672,0.006247520446777344,0.1,"(6,)",2,"{'NN__alpha': 0.1, 'NN__hidden_layer_sizes': (6,), 'rp__n_components': 2}",0.7590511860174781,0.7590511860174781,0.75875,0.7596996245306633,0.7571964956195244,0.75875,0.0008357836410129252,160,0.7592997811816192,0.7592997811816192,0.758125,0.7578881599500156,0.7582005623242737,0.7585626569275055,0.0006106237126957322
1,0.4101698398590088,0.05706161884955128,0.0031251907348632812,0.0062503814697265625,0.1,"(6,)",5,"{'NN__alpha': 0.1, 'NN__hidden_layer_sizes': (6,), 'rp__n_components': 5}",0.7553058676654182,0.7290886392009988,0.75375,0.7559449311639549,0.7384230287859824,0.7465,0.010844245452309557,194,0.7436698968427634,0.7383557361675523,0.76375,0.7494532958450484,0.7572633552014996,0.7504984568113727,0.009127261412198941
2,0.29762821197509765,0.022844394373915604,0.0,0.0,0.1,"(6,)",10,"{'NN__alpha': 0.1, 'NN__hidden_layer_sizes': (6,), 'rp__n_components': 10}",0.787765293383271,0.7902621722846442,0.76125,0.7909887359198998,0.7772215269086358,0.7815,0.011264485037755506,74,0.7855579868708972,0.7858705845576742,0.789375,0.7847547641362075,0.788191190253046,0.786749905163565,0.001740280855081938
3,0.20053439140319823,0.042714609803826326,0.0,0.0,0.1,"(6,)",20,"{'NN__alpha': 0.1, 'NN__hidden_layer_sizes': (6,), 'rp__n_components': 20}",0.7902621722846442,0.797752808988764,0.79875,0.8110137672090113,0.7684605757196495,0.79325,0.014059824352602446,61,0.8068146295717412,0.8140043763676149,0.791875,0.7966260543580131,0.7841299593876914,0.7986900039370122,0.010613563100599627
4,0.2813251495361328,0.04139291829887672,0.0,0.0,0.1,"(6,)",30,"{'NN__alpha': 0.1, 'NN__hidden_layer_sizes': (6,), 'rp__n_components': 30}",0.815230961298377,0.8089887640449438,0.78875,0.7772215269086358,0.769712140175219,0.792,0.017630380363071598,64,0.8140043763676149,0.8165051578618319,0.7959375,0.7741330834114339,0.8047485160887222,0.8010657267459205,0.015303683289323763
5,0.24831347465515136,0.04440820195980866,0.0,0.0,0.1,"(6,)",40,"{'NN__alpha': 0.1, 'NN__hidden_layer_sizes': (6,), 'rp__n_components': 40}",0.8077403245942572,0.815230961298377,0.79,0.8035043804755945,0.8035043804755945,0.804,0.008207196095316633,33,0.8268208815254767,0.8130665833072835,0.818125,0.8147453920649796,0.8119337706966573,0.8169383255188795,0.005365035384833696
6,0.12119956016540527,0.04434576161779655,0.0016052722930908203,0.0032105445861816406,0.1,"(3,)",2,"{'NN__alpha': 0.1, 'NN__hidden_layer_sizes': (3,), 'rp__n_components': 2}",0.7403245942571786,0.7403245942571786,0.7625,0.7596996245306633,0.7596996245306633,0.7525,0.010003911350554492,180,0.745545482963426,0.745545482963426,0.75625,0.7591377694470478,0.7591377694470478,0.7531233009641896,0.00627647290169438
7,0.19922165870666503,0.014495552133186927,0.000405120849609375,0.00081024169921875,0.1,"(3,)",5,"{'NN__alpha': 0.1, 'NN__hidden_layer_sizes': (3,), 'rp__n_components': 5}",0.7515605493133583,0.7615480649188514,0.7525,0.7546933667083855,0.7584480600750939,0.75575,0.0037464922862726997,171,0.755861206627071,0.7571115973741794,0.7575,0.7575757575757576,0.7578881599500156,0.7571873443054047,0.0007076919893805081
8,0.16122522354125976,0.04083946448730357,0.0004052639007568359,0.0008105278015136719,0.1,"(3,)",10,"{'NN__alpha': 0.1, 'NN__hidden_layer_sizes': (3,), 'rp__n_components': 10}",0.766541822721598,0.7565543071161048,0.7375,0.7584480600750939,0.7809762202753442,0.76,0.0141622307630399,140,0.7652391372303845,0.7702407002188184,0.7496875,0.7631990003124024,0.7616369884411122,0.7620006652405434,0.006805412305981178
9,0.45182251930236816,0.16903773803770986,0.0032165050506591797,0.003939402122885798,0.1,"(3,)",20,"{'NN__alpha': 0.1, 'NN__hidden_layer_sizes': (3,), 'rp__n_components': 20}",0.818976279650437,0.8102372034956304,0.80125,0.818523153942428,0.7396745932415519,0.79775,0.029728823570131156,46,0.8165051578618319,0.8168177555486089,0.8046875,0.816932208684786,0.746641674476726,0.8003168593143906,0.02724165335824531
10,0.386702823638916,0.056446623857204115,0.00040488243103027345,0.0008097648620605469,0.1,"(3,)",30,"{'NN__alpha': 0.1, 'NN__hidden_layer_sizes': (3,), 'rp__n_components': 30}",0.7677902621722846,0.7440699126092385,0.76125,0.7772215269086358,0.7872340425531915,0.7675,0.01464334428402071,101,0.7602375742419506,0.7730540793998124,0.7790625,0.7866291783817557,0.7903780068728522,0.7778722677792742,0.010664811313202458
11,0.24515295028686523,0.09787249256498226,0.0004032135009765625,0.000806427001953125,0.1,"(3,)",40,"{'NN__alpha': 0.1, 'NN__hidden_layer_sizes': (3,), 'rp__n_components': 40}",0.784019975031211,0.7615480649188514,0.7825,0.7847309136420526,0.7571964956195244,0.774,0.012041870945570507,88,0.7805564238824633,0.7646139418568303,0.80625,0.7797563261480788,0.7731958762886598,0.7808745136352064,0.01391858109619294
12,0.1535696029663086,0.006768028286068623,0.0,0.0,0.1,"(12,)",2,"{'NN__alpha': 0.1, 'NN__hidden_layer_sizes': (12,), 'rp__n_components': 2}",0.7677902621722846,0.766541822721598,0.75625,0.7634543178973717,0.7672090112640801,0.76425,0.004270486192873049,120,0.769302907158487,0.7649265395436073,0.7715625,0.7653858169322086,0.7685098406747891,0.7679375208618184,0.0024863428927926782
13,0.2034059524536133,0.05347608020749266,0.0,0.0,0.1,"(12,)",5,"{'NN__alpha': 0.1, 'NN__hidden_layer_sizes': (12,), 'rp__n_components': 5}",0.762796504369538,0.7815230961298377,0.77,0.7684605757196495,0.7634543178973717,0.76925,0.006741656998241325,100,0.7680525164113785,0.7683651140981557,0.774375,0.7694470477975632,0.7650734145579506,0.7690626185730096,0.0030262104949147035
14,0.21760911941528321,0.08315099470913233,0.0,0.0,0.1,"(12,)",10,"{'NN__alpha': 0.1, 'NN__hidden_layer_sizes': (12,), 'rp__n_components': 10}",0.7390761548064919,0.7553058676654182,0.75625,0.7897371714643304,0.7897371714643304,0.766,0.020302056367559208,107,0.7524226320725227,0.7580493904345108,0.7875,0.7894407997500781,0.7972508591065293,0.7769327362727282,0.018101219782518583
15,0.3784356117248535,0.07032360936088555,0.0020073890686035157,0.003105277804346137,0.1,"(12,)",20,"{'NN__alpha': 0.1, 'NN__hidden_layer_sizes': (12,), 'rp__n_components': 20}",0.8002496878901373,0.7865168539325843,0.785,0.8310387984981227,0.8097622027534418,0.8025,0.016930558904953527,38,0.7993122850890904,0.8052516411378556,0.8196875,0.8228678537956888,0.831302717900656,0.8156843995846582,0.011734115017524154
16,0.26398143768310545,0.03231709125038746,0.0004039287567138672,0.0008078575134277344,0.1,"(12,)",30,"{'NN__alpha': 0.1, 'NN__hidden_layer_sizes': (12,), 'rp__n_components': 30}",0.8277153558052435,0.7940074906367042,0.8,0.8035043804755945,0.8060075093867334,0.80625,0.01147217562418098,29,0.8240075023444826,0.8174429509221631,0.8190625,0.816619806310528,0.8128709778194314,0.818000747479321,0.0036260472887065143
17,0.38295516967773435,0.0702403259086848,0.0008113861083984375,0.000993744281217337,0.1,"(12,)",40,"{'NN__alpha': 0.1, 'NN__hidden_layer_sizes': (12,), 'rp__n_components': 40}",0.8302122347066168,0.8302122347066168,0.805,0.8147684605757196,0.8097622027534418,0.818,0.0104485067841126,11,0.838074398249453,0.8415129728040013,0.833125,0.8263042799125273,0.8325523273976883,0.834313795672734,0.005189193221607579
18,0.2841621398925781,0.027061589312971677,0.0,0.0,0.1,"(6, 6)",2,"{'NN__alpha': 0.1, 'NN__hidden_layer_sizes': (6, 6), 'rp__n_components': 2}",0.7702871410736579,0.7652933832709113,0.755,0.7684605757196495,0.7634543178973717,0.7645,0.005313600398439418,117,0.761175367302282,0.7633635511097218,0.766875,0.7669478288034989,0.7685098406747891,0.7653743175780583,0.002691982749085638
19,0.3352681636810303,0.09772081772522426,0.0016066074371337891,0.0032132148742675787,0.1,"(6, 6)",5,"{'NN__alpha': 0.1, 'NN__hidden_layer_sizes': (6, 6), 'rp__n_components': 5}",0.6816479400749064,0.766541822721598,0.74875,0.7509386733416771,0.7684605757196495,0.74325,0.03183336272227275,201,0.7027195998749609,0.7652391372303845,0.7578125,0.7594501718213058,0.7663230240549829,0.7503088865963268,0.024016546391457234
20,0.3707608222961426,0.08295163796061066,0.0004284381866455078,0.0008568763732910156,0.1,"(6, 6)",10,"{'NN__alpha': 0.1, 'NN__hidden_layer_sizes': (6, 6), 'rp__n_components': 10}",0.7852684144818977,0.7890137328339576,0.77,0.7559449311639549,0.7897371714643304,0.778,0.013128266043122954,82,0.7952485151609878,0.7921225382932167,0.785625,0.7591377694470478,0.7847547641362075,0.783377717407492,0.01274291446645159
21,0.3709732532501221,0.11755777363278373,0.00019941329956054687,0.0003988265991210938,0.1,"(6, 6)",20,"{'NN__alpha': 0.1, 'NN__hidden_layer_sizes': (6, 6), 'rp__n_components': 20}",0.7740324594257179,0.7765293383270911,0.74875,0.7659574468085106,0.7659574468085106,0.76625,0.009724815898164551,105,0.7808690215692404,0.8058768365114098,0.76875,0.7738206810371758,0.7813183380193689,0.7821269754274389,0.012761114700205644
22,0.36719470024108886,0.051836312521071876,0.0024138450622558593,0.0029469166852323678,0.1,"(6, 6)",30,"{'NN__alpha': 0.1, 'NN__hidden_layer_sizes': (6, 6), 'rp__n_components': 30}",0.8089887640449438,0.8164794007490637,0.815,0.8060075093867334,0.8197747183979975,0.81325,0.005031743901370519,19,0.8233823069709284,0.8280712722725851,0.8215625,0.8138081849422055,0.817244611059044,0.8208137750489526,0.004932472717981853
23,0.28199200630187987,0.016968976915110817,0.001608896255493164,0.003217792510986328,0.1,"(6, 6)",40,"{'NN__alpha': 0.1, 'NN__hidden_layer_sizes': (6, 6), 'rp__n_components': 40}",0.8064918851435705,0.8039950062421972,0.795,0.8110137672090113,0.8010012515644556,0.8035,0.005368053078455479,34,0.8140043763676149,0.8108783994998437,0.8153125,0.8150577944392378,0.8116213683223993,0.8133748877258192,0.0018049961796014601
24,0.09105582237243652,0.0007810980894292976,0.0004148006439208984,0.0008296012878417969,0.1,"(3, 3)",2,"{'NN__alpha': 0.1, 'NN__hidden_layer_sizes': (3, 3), 'rp__n_components': 2}",0.7590511860174781,0.7590511860174781,0.75875,0.7596996245306633,0.7596996245306633,0.75925,0.0003828764417912044,144,0.7592997811816192,0.7592997811816192,0.759375,0.7591377694470478,0.7591377694470478,0.7592500202514668,9.567938552072704e-05
25,0.26250123977661133,0.021928565214036393,0.0004161357879638672,0.0008322715759277343,0.1,"(3, 3)",5,"{'NN__alpha': 0.1, 'NN__hidden_layer_sizes': (3, 3), 'rp__n_components': 5}",0.7540574282147315,0.7490636704119851,0.73625,0.7546933667083855,0.7596996245306633,0.75075,0.00799470299882953,184,0.7627383557361676,0.745232885276649,0.7515625,0.7613245860668542,0.7453920649796938,0.753250078411873,0.007537861264537615
26,0.41635899543762206,0.08070908503560327,0.0,0.0,0.1,"(3, 3)",10,"{'NN__alpha': 0.1, 'NN__hidden_layer_sizes': (3, 3), 'rp__n_components': 10}",0.7553058676654182,0.7490636704119851,0.7575,0.7158948685857321,0.7321652065081352,0.742,0.015777854916519146,202,0.7680525164113785,0.7596123788683964,0.770625,0.7172758512964699,0.7616369884411122,0.7554405470034714,0.019503709653074245
27,0.15731616020202638,0.00446604547401418,0.003124856948852539,0.006249713897705078,0.1,"(3, 3)",20,"{'NN__alpha': 0.1, 'NN__hidden_layer_sizes': (3, 3), 'rp__n_components': 20}",0.7578027465667915,0.7528089887640449,0.7575,0.7596996245306633,0.7396745932415519,0.7535,0.007270558551985272,176,0.7592997811816192,0.7592997811816192,0.7575,0.7591377694470478,0.7503905029678225,0.7571255669556217,0.0034352484885968133
28,0.455751371383667,0.027693965720140337,0.0004002094268798828,0.0008004188537597656,0.1,"(3, 3)",30,"{'NN__alpha': 0.1, 'NN__hidden_layer_sizes': (3, 3), 'rp__n_components': 30}",0.7915106117353309,0.7815230961298377,0.78875,0.7909887359198998,0.7959949937421777,0.78975,0.004740335929021924,66,0.7918099406064395,0.7905595498593311,0.799375,0.8069353327085286,0.8122461730709153,0.8001851992490427,0.008420046289422303
29,0.10994582176208496,0.010322664469958628,0.0036130905151367187,0.003672699587037428,0.1,"(3, 3)",40,"{'NN__alpha': 0.1, 'NN__hidden_layer_sizes': (3, 3), 'rp__n_components': 40}",0.7590511860174781,0.7590511860174781,0.75875,0.7596996245306633,0.7596996245306633,0.75925,0.0003828764417912044,144,0.7592997811816192,0.7592997811816192,0.759375,0.7591377694470478,0.7591377694470478,0.7592500202514668,9.567938552072704e-05
30,0.12207355499267578,0.03178158900218275,0.0,0.0,0.1,"(12, 12)",2,"{'NN__alpha': 0.1, 'NN__hidden_layer_sizes': (12, 12), 'rp__n_components': 2}",0.7590511860174781,0.7590511860174781,0.75875,0.7596996245306633,0.7647058823529411,0.76025,0.0022476879795209855,136,0.7592997811816192,0.7592997811816192,0.759375,0.7591377694470478,0.7631990003124024,0.7600622664245378,0.0015702800243460036
31,0.20580606460571288,0.08847953234391798,0.0,0.0,0.1,"(12, 12)",5,"{'NN__alpha': 0.1, 'NN__hidden_layer_sizes': (12, 12), 'rp__n_components': 5}",0.7565543071161048,0.7652933832709113,0.76125,0.7559449311639549,0.772215269086358,0.76225,0.006027302604396416,129,0.7605501719287278,0.7614879649890591,0.7603125,0.7613245860668542,0.7844423617619494,0.7656235169493181,0.009419960165138665
32,0.4611774444580078,0.07679793496052868,0.0016146183013916015,0.003229236602783203,0.1,"(12, 12)",10,"{'NN__alpha': 0.1, 'NN__hidden_layer_sizes': (12, 12), 'rp__n_components': 10}",0.787765293383271,0.8052434456928839,0.775,0.8085106382978723,0.7872340425531915,0.79275,0.012447466641218936,62,0.8052516411378556,0.8043138480775243,0.798125,0.7991252733520775,0.7997500781005936,0.8013131681336102,0.002895175290220599
33,0.5296215534210205,0.12631624657781998,0.0024239540100097655,0.004847908020019531,0.1,"(12, 12)",20,"{'NN__alpha': 0.1, 'NN__hidden_layer_sizes': (12, 12), 'rp__n_components': 20}",0.8264669163545568,0.815230961298377,0.80875,0.8135168961201502,0.8010012515644556,0.813,0.008350895669118242,20,0.8321350422006877,0.8215067208502657,0.826875,0.8175570134333021,0.8253670727897532,0.8246881698548018,0.004933032590431841
34,0.3651844024658203,0.06817042783245349,0.0047338008880615234,0.006273099963542499,0.1,"(12, 12)",30,"{'NN__alpha': 0.1, 'NN__hidden_layer_sizes': (12, 12), 'rp__n_components': 30}",0.8352059925093633,0.8227215980024969,0.81375,0.8160200250312891,0.8247809762202754,0.8225,0.0075549937453885715,1,0.8261956861519225,0.8418255704907783,0.8396875,0.8281786941580757,0.8325523273976883,0.833687955639693,0.006164268385626056
35,0.5055930137634277,0.09704607678073583,0.0004032135009765625,0.000806427001953125,0.1,"(12, 12)",40,"{'NN__alpha': 0.1, 'NN__hidden_layer_sizes': (12, 12), 'rp__n_components': 40}",0.8052434456928839,0.818976279650437,0.795,0.8135168961201502,0.8247809762202754,0.8115,0.0104655115720139,22,0.8318224445139106,0.8346358236949046,0.7990625,0.8334895345204624,0.8384879725085911,0.8274996550475737,0.014386834089937933
36,0.254537296295166,0.06988626718525083,0.0004046916961669922,0.0008093833923339843,0.1,"(6, 6, 6)",2,"{'NN__alpha': 0.1, 'NN__hidden_layer_sizes': (6, 6, 6), 'rp__n_components': 2}",0.7702871410736579,0.7590511860174781,0.76625,0.7672090112640801,0.772215269086358,0.767,0.004513371030549488,102,0.7714910909659268,0.7592997811816192,0.77125,0.7697594501718213,0.7685098406747891,0.7680620325988313,0.004511770956604193
37,0.28534588813781736,0.10723132839866156,0.0033633232116699217,0.0067266464233398425,0.1,"(6, 6, 6)",5,"{'NN__alpha': 0.1, 'NN__hidden_layer_sizes': (6, 6, 6), 'rp__n_components': 5}",0.7465667915106118,0.7428214731585518,0.73875,0.7284105131414268,0.772215269086358,0.74575,0.014546971568658081,196,0.7599249765551734,0.75054704595186,0.74125,0.7360199937519525,0.7703842549203374,0.7516252542358647,0.012434774510146573
38,0.17858176231384276,0.021053326817539148,0.0031253814697265623,0.006250762939453125,0.1,"(6, 6, 6)",10,"{'NN__alpha': 0.1, 'NN__hidden_layer_sizes': (6, 6, 6), 'rp__n_components': 10}",0.7590511860174781,0.7578027465667915,0.745,0.7559449311639549,0.7571964956195244,0.755,0.005099179774978875,172,0.7564864020006252,0.758674585808065,0.755,0.7572633552014996,0.7566385504529834,0.7568125786926346,0.0011909986178377523
39,0.26064190864562986,0.0224358283511041,0.00020022392272949218,0.00040044784545898435,0.1,"(6, 6, 6)",20,"{'NN__alpha': 0.1, 'NN__hidden_layer_sizes': (6, 6, 6), 'rp__n_components': 20}",0.7465667915106118,0.7578027465667915,0.7575,0.7596996245306633,0.7596996245306633,0.75625,0.004932105777797784,167,0.7496092528915286,0.758674585808065,0.7590625,0.7585129646985317,0.7588253670727898,0.7569369340941831,0.003668308255504084
40,0.3171368598937988,0.08437135421323104,0.0016039371490478515,0.003207874298095703,0.1,"(6, 6, 6)",30,"{'NN__alpha': 0.1, 'NN__hidden_layer_sizes': (6, 6, 6), 'rp__n_components': 30}",0.7615480649188514,0.7615480649188514,0.795,0.8035043804755945,0.818523153942428,0.788,0.02289429047097962,71,0.7668021256642701,0.7677399187246015,0.79625,0.8106841611996252,0.8144329896907216,0.7911818390558436,0.020447674117478828
41,0.3743748664855957,0.08187339595352267,0.0008075237274169922,0.0009890120638945748,0.1,"(6, 6, 6)",40,"{'NN__alpha': 0.1, 'NN__hidden_layer_sizes': (6, 6, 6), 'rp__n_components': 40}",0.8089887640449438,0.815230961298377,0.7875,0.8060075093867334,0.7659574468085106,0.79675,0.017944917949301312,50,0.8161925601750547,0.809002813379181,0.8225,0.8053733208372383,0.7797563261480788,0.8065650041079107,0.014647062278297136
42,0.11049351692199708,0.0060078335172505755,0.0016040325164794922,0.003208065032958985,0.1,"(3, 3, 3)",2,"{'NN__alpha': 0.1, 'NN__hidden_layer_sizes': (3, 3, 3), 'rp__n_components': 2}",0.7590511860174781,0.7590511860174781,0.75875,0.7596996245306633,0.7596996245306633,0.75925,0.0003828764417912044,144,0.7592997811816192,0.7592997811816192,0.759375,0.7591377694470478,0.7591377694470478,0.7592500202514668,9.567938552072704e-05
43,0.11094655990600585,0.006417236365923551,0.0,0.0,0.1,"(3, 3, 3)",5,"{'NN__alpha': 0.1, 'NN__hidden_layer_sizes': (3, 3, 3), 'rp__n_components': 5}",0.7590511860174781,0.7590511860174781,0.75875,0.7596996245306633,0.7596996245306633,0.75925,0.0003828764417912044,144,0.7592997811816192,0.7592997811816192,0.759375,0.7591377694470478,0.7591377694470478,0.7592500202514668,9.567938552072704e-05
44,0.11855740547180176,0.004694404915076748,0.003217935562133789,0.003941160986495775,0.1,"(3, 3, 3)",10,"{'NN__alpha': 0.1, 'NN__hidden_layer_sizes': (3, 3, 3), 'rp__n_components': 10}",0.24094881398252185,0.24094881398252185,0.24125,0.24030037546933666,0.24030037546933666,0.24075,0.00038287644179121894,205,0.24070021881838075,0.24070021881838075,0.240625,0.2408622305529522,0.2408622305529522,0.24074997974853315,9.567938552072555e-05
45,0.2583959102630615,0.020568662528939467,0.0,0.0,0.1,"(3, 3, 3)",20,"{'NN__alpha': 0.1, 'NN__hidden_layer_sizes': (3, 3, 3), 'rp__n_components': 20}",0.7403245942571786,0.7590511860174781,0.71125,0.7596996245306633,0.7559449311639549,0.74525,0.018405271026767065,198,0.7339793685526728,0.7592997811816192,0.7128125,0.7591377694470478,0.7413308341143393,0.7413120506591359,0.017362647650174114
46,0.1286296844482422,0.004238515119718766,0.00040383338928222655,0.0008076667785644531,0.1,"(3, 3, 3)",30,"{'NN__alpha': 0.1, 'NN__hidden_layer_sizes': (3, 3, 3), 'rp__n_components': 30}",0.24094881398252185,0.24094881398252185,0.24125,0.24030037546933666,0.24030037546933666,0.24075,0.00038287644179121894,205,0.24070021881838075,0.24070021881838075,0.240625,0.2408622305529522,0.2408622305529522,0.24074997974853315,9.567938552072555e-05
47,0.12480087280273437,0.0042830278897927326,0.003621625900268555,0.003681849710195302,0.1,"(3, 3, 3)",40,"{'NN__alpha': 0.1, 'NN__hidden_layer_sizes': (3, 3, 3), 'rp__n_components': 40}",0.24094881398252185,0.24094881398252185,0.24125,0.24030037546933666,0.24030037546933666,0.24075,0.00038287644179121894,205,0.24070021881838075,0.24070021881838075,0.240625,0.2408622305529522,0.2408622305529522,0.24074997974853315,9.567938552072555e-05
48,0.3322967529296875,0.09218824018293431,0.0036321163177490236,0.00369702114295802,0.1,"(12, 12, 12)",2,"{'NN__alpha': 0.1, 'NN__hidden_layer_sizes': (12, 12, 12), 'rp__n_components': 2}",0.7702871410736579,0.7765293383270911,0.75625,0.7809762202753442,0.7734668335419274,0.7715,0.008401325232121656,94,0.7696155048452642,0.7711784932791498,0.7571875,0.7747578881599501,0.7716338644173696,0.7688746501403468,0.006077364401232616
49,0.38069376945495603,0.09947498599279352,0.0004040241241455078,0.0008080482482910155,0.1,"(12, 12, 12)",5,"{'NN__alpha': 0.1, 'NN__hidden_layer_sizes': (12, 12, 12), 'rp__n_components': 5}",0.7752808988764045,0.7727840199750312,0.7575,0.7747183979974969,0.7709637046307884,0.77025,0.0065541395279583034,96,0.7705532979055955,0.7705532979055955,0.7875,0.7613245860668542,0.7766323024054983,0.7733126968567087,0.008616759448096875
50,0.45058598518371584,0.13140182056131156,0.0,0.0,0.1,"(12, 12, 12)",10,"{'NN__alpha': 0.1, 'NN__hidden_layer_sizes': (12, 12, 12), 'rp__n_components': 10}",0.7702871410736579,0.8064918851435705,0.7625,0.799749687108886,0.8035043804755945,0.7885,0.01834929271868125,70,0.8068146295717412,0.8005626758361988,0.770625,0.7978756638550453,0.8072477350827866,0.7966251408691544,0.0134888139020334
51,0.2640772819519043,0.07725508392213286,0.0004045009613037109,0.0008090019226074218,0.1,"(12, 12, 12)",20,"{'NN__alpha': 0.1, 'NN__hidden_layer_sizes': (12, 12, 12), 'rp__n_components': 20}",0.7740324594257179,0.7253433208489388,0.775,0.7884856070087609,0.753441802252816,0.76325,0.022024086978199405,126,0.7727414817130354,0.7521100343857455,0.7965625,0.788503592627304,0.7603873789440799,0.7740609975340329,0.016646080119577335
52,0.34677557945251464,0.05324001422607228,0.002013540267944336,0.003115433662372544,0.1,"(12, 12, 12)",30,"{'NN__alpha': 0.1, 'NN__hidden_layer_sizes': (12, 12, 12), 'rp__n_components': 30}",0.8289637952559301,0.8077403245942572,0.79625,0.8122653316645807,0.8135168961201502,0.81175,0.010549085159771989,21,0.8265082838386996,0.8261956861519225,0.815,0.8338019368947204,0.8141205873164636,0.8231252988403612,0.007509564258458131
53,0.46682076454162597,0.09016842467123107,0.007242870330810547,0.0037319837325578715,0.1,"(12, 12, 12)",40,"{'NN__alpha': 0.1, 'NN__hidden_layer_sizes': (12, 12, 12), 'rp__n_components': 40}",0.8214731585518102,0.8214731585518102,0.79625,0.8285356695869838,0.8210262828535669,0.81775,0.011107784125394073,12,0.8205689277899344,0.8296342607064707,0.836875,0.8388003748828491,0.8447360199937519,0.8341229166746013,0.008318042883620117
54,0.16667551994323732,0.01563553611714373,0.0016050338745117188,0.0032100677490234375,0.01,"(6,)",2,"{'NN__alpha': 0.01, 'NN__hidden_layer_sizes': (6,), 'rp__n_components': 2}",0.7590511860174781,0.7590511860174781,0.75875,0.7596996245306633,0.7571964956195244,0.75875,0.0008357836410129252,160,0.7592997811816192,0.7592997811816192,0.758125,0.7575757575757576,0.7582005623242737,0.758500176452654,0.0006875771522790244
55,0.4242584705352783,0.06790736496298783,0.0,0.0,0.01,"(6,)",5,"{'NN__alpha': 0.01, 'NN__hidden_layer_sizes': (6,), 'rp__n_components': 5}",0.7553058676654182,0.7290886392009988,0.7675,0.7546933667083855,0.7384230287859824,0.749,0.013587699767136868,189,0.7471084713973116,0.7383557361675523,0.7703125,0.7497656982193065,0.7563261480787254,0.7523737107725791,0.010662551353113545
56,0.29285488128662107,0.015619765580466434,0.0,0.0,0.01,"(6,)",10,"{'NN__alpha': 0.01, 'NN__hidden_layer_sizes': (6,), 'rp__n_components': 10}",0.787765293383271,0.7852684144818977,0.75875,0.7909887359198998,0.7759699624530664,0.77975,0.011629602919225131,79,0.7858705845576742,0.7861831822444514,0.7896875,0.7847547641362075,0.788503592627304,0.7869999247131274,0.0018147893311205978
57,0.2081024169921875,0.04438450025126708,0.0,0.0,0.01,"(6,)",20,"{'NN__alpha': 0.01, 'NN__hidden_layer_sizes': (6,), 'rp__n_components': 20}",0.7915106117353309,0.7965043695380774,0.79875,0.8122653316645807,0.7684605757196495,0.7935,0.014271994847172339,59,0.8068146295717412,0.8140043763676149,0.7915625,0.7950640424867229,0.7841299593876914,0.7983151015627541,0.010731081881952955
58,0.2917623996734619,0.028781278849487956,0.0013022422790527344,0.0026044845581054688,0.01,"(6,)",30,"{'NN__alpha': 0.01, 'NN__hidden_layer_sizes': (6,), 'rp__n_components': 30}",0.815230961298377,0.8089887640449438,0.78875,0.7934918648310388,0.7709637046307884,0.7955,0.01563866350114438,54,0.8146295717411691,0.8155673648015005,0.7953125,0.7831927522649172,0.8075601374570447,0.8032524652529263,0.012370015975199065
59,0.25325965881347656,0.0495341071416367,0.0031239986419677734,0.006247997283935547,0.01,"(6,)",40,"{'NN__alpha': 0.01, 'NN__hidden_layer_sizes': (6,), 'rp__n_components': 40}",0.8064918851435705,0.8139825218476904,0.79,0.8022528160200251,0.8022528160200251,0.803,0.007785759197290718,37,0.8265082838386996,0.8133791809940606,0.818125,0.8144329896907216,0.8116213683223993,0.8168133645691761,0.0052939299874872675
60,0.14369626045227052,0.06990838055068847,0.00020012855529785156,0.0004002571105957031,0.01,"(3,)",2,"{'NN__alpha': 0.01, 'NN__hidden_layer_sizes': (3,), 'rp__n_components': 2}",0.7403245942571786,0.7403245942571786,0.7625,0.7596996245306633,0.7596996245306633,0.7525,0.010003911350554492,180,0.745545482963426,0.745545482963426,0.75625,0.7591377694470478,0.7591377694470478,0.7531233009641896,0.00627647290169438
61,0.2073277473449707,0.014285653722934635,0.0,0.0,0.01,"(3,)",5,"{'NN__alpha': 0.01, 'NN__hidden_layer_sizes': (3,), 'rp__n_components': 5}",0.7378277153558053,0.7615480649188514,0.7525,0.7546933667083855,0.7584480600750939,0.753,0.008202498193288481,177,0.7442950922163176,0.7567989996874023,0.7575,0.7575757575757576,0.7588253670727898,0.7549990433104534,0.005391649214976792
62,0.1749523639678955,0.04269406821186655,0.0,0.0,0.01,"(3,)",10,"{'NN__alpha': 0.01, 'NN__hidden_layer_sizes': (3,), 'rp__n_components': 10}",0.766541822721598,0.7565543071161048,0.7375,0.7584480600750939,0.7809762202753442,0.76,0.0141622307630399,140,0.7649265395436073,0.7702407002188184,0.749375,0.7631990003124024,0.7616369884411122,0.7618756457031881,0.006889941334758666
63,0.4510194301605225,0.13906160150537666,0.0,0.0,0.01,"(3,)",20,"{'NN__alpha': 0.01, 'NN__hidden_layer_sizes': (3,), 'rp__n_components': 20}",0.8139825218476904,0.8102372034956304,0.80125,0.818523153942428,0.7396745932415519,0.79675,0.02907480265394519,50,0.8149421694279463,0.8177555486089403,0.804375,0.817244611059044,0.746641674476726,0.8001918007145313,0.02721018976145809
64,0.45204739570617675,0.10769851002135267,0.0019060611724853516,0.0023393181529433706,0.01,"(3,)",30,"{'NN__alpha': 0.01, 'NN__hidden_layer_sizes': (3,), 'rp__n_components': 30}",0.7540574282147315,0.7403245942571786,0.7725,0.7809762202753442,0.785982478097622,0.76675,0.017117817715221067,103,0.7499218505783057,0.771803688652704,0.7990625,0.7850671665104655,0.7916276163698844,0.779496564422272,0.017290829364555976
65,0.24890551567077637,0.09968833918538665,0.0018054485321044923,0.002232935677687553,0.01,"(3,)",40,"{'NN__alpha': 0.01, 'NN__hidden_layer_sizes': (3,), 'rp__n_components': 40}",0.7865168539325843,0.7615480649188514,0.7825,0.7847309136420526,0.7571964956195244,0.7745,0.012490999573760014,87,0.7805564238824633,0.7649265395436073,0.8065625,0.7797563261480788,0.7731958762886598,0.7809995331725619,0.013960267673132064
66,0.158974027633667,0.012853947384839704,0.003979539871215821,0.0036989116732507473,0.01,"(12,)",2,"{'NN__alpha': 0.01, 'NN__hidden_layer_sizes': (12,), 'rp__n_components': 2}",0.7677902621722846,0.766541822721598,0.75625,0.7634543178973717,0.7672090112640801,0.76425,0.004270486192873049,120,0.769302907158487,0.7649265395436073,0.7715625,0.7653858169322086,0.7685098406747891,0.7679375208618184,0.0024863428927926782
67,0.23208990097045898,0.051593641693127655,0.0,0.0,0.01,"(12,)",5,"{'NN__alpha': 0.01, 'NN__hidden_layer_sizes': (12,), 'rp__n_components': 5}",0.762796504369538,0.7815230961298377,0.77,0.7684605757196495,0.7772215269086358,0.772,0.006623519630714237,91,0.7680525164113785,0.7686777117849328,0.774375,0.7694470477975632,0.774445485785692,0.7709995523559133,0.002819728316684622
68,0.2159421443939209,0.07438795588043245,0.002007198333740234,0.0024583236420160793,0.01,"(12,)",10,"{'NN__alpha': 0.01, 'NN__hidden_layer_sizes': (12,), 'rp__n_components': 10}",0.7365792759051186,0.7553058676654182,0.75625,0.7897371714643304,0.7872340425531915,0.765,0.0204171538267944,112,0.7527352297592997,0.7580493904345108,0.7871875,0.7894407997500781,0.7938144329896907,0.7762454705867159,0.017241472767698073
69,0.3749382495880127,0.057774869380870564,0.0,0.0,0.01,"(12,)",20,"{'NN__alpha': 0.01, 'NN__hidden_layer_sizes': (12,), 'rp__n_components': 20}",0.8077403245942572,0.7890137328339576,0.78375,0.8172715894868585,0.8135168961201502,0.80225,0.013416403919846014,41,0.8024382619568615,0.8096280087527352,0.8196875,0.8122461730709153,0.8300531084036239,0.8148106104368272,0.009408809725024019
70,0.27858948707580566,0.029576353301338013,0.0019130229949951172,0.00234839539293817,0.01,"(12,)",30,"{'NN__alpha': 0.01, 'NN__hidden_layer_sizes': (12,), 'rp__n_components': 30}",0.8252184769038702,0.7952559300873908,0.80125,0.8010012515644556,0.8060075093867334,0.80575,0.010320825371960045,31,0.8186933416692717,0.8146295717411691,0.8203125,0.8141205873164636,0.8128709778194314,0.8161253957092672,0.0028626620698940968
71,0.4410128116607666,0.13725392988634008,0.0006058692932128906,0.0012117385864257812,0.01,"(12,)",40,"{'NN__alpha': 0.01, 'NN__hidden_layer_sizes': (12,), 'rp__n_components': 40}",0.8439450686641697,0.8314606741573034,0.80625,0.8197747183979975,0.8072590738423029,0.82175,0.01443276294335683,2,0.8496405126602063,0.8415129728040013,0.8334375,0.8269290846610434,0.8316151202749141,0.836627038080033,0.008032006630249208
72,0.30428357124328614,0.028686314297117255,0.0029340744018554687,0.003883810097675477,0.01,"(6, 6)",2,"{'NN__alpha': 0.01, 'NN__hidden_layer_sizes': (6, 6), 'rp__n_components': 2}",0.7702871410736579,0.7702871410736579,0.755,0.7684605757196495,0.7634543178973717,0.7655,0.0058150557640374205,108,0.761175367302282,0.7671147233510472,0.766875,0.767572633552015,0.7685098406747891,0.7662495129760266,0.0025979417504240036
73,0.4059305667877197,0.05977389337598254,0.0010017871856689454,0.0020035743713378907,0.01,"(6, 6)",5,"{'NN__alpha': 0.01, 'NN__hidden_layer_sizes': (6, 6), 'rp__n_components': 5}",0.7702871410736579,0.766541822721598,0.74875,0.7509386733416771,0.7659574468085106,0.7605,0.008849528876201303,133,0.7646139418568303,0.7649265395436073,0.7584375,0.7594501718213058,0.7663230240549829,0.7627502354553453,0.0031769364648895604
74,0.3829780101776123,0.08985248510670102,0.0030541419982910156,0.004088879824379617,0.01,"(6, 6)",10,"{'NN__alpha': 0.01, 'NN__hidden_layer_sizes': (6, 6), 'rp__n_components': 10}",0.784019975031211,0.7915106117353309,0.77,0.7484355444305382,0.7897371714643304,0.77675,0.01603615386598801,83,0.793060331353548,0.7939981244138793,0.785625,0.7488284910965324,0.7847547641362075,0.7812533422000334,0.016640773919075497
75,0.40227222442626953,0.1579990680451538,0.0010055065155029296,0.002011013031005859,0.01,"(6, 6)",20,"{'NN__alpha': 0.01, 'NN__hidden_layer_sizes': (6, 6), 'rp__n_components': 20}",0.7727840199750312,0.7715355805243446,0.74625,0.7659574468085106,0.7596996245306633,0.76325,0.009681511575038474,126,0.784932791497343,0.8043138480775243,0.76875,0.7738206810371758,0.7650734145579506,0.7793781470339988,0.014149993431374333
76,0.3560154914855957,0.061089991412638996,0.0019808292388916017,0.0039616584777832035,0.01,"(6, 6)",30,"{'NN__alpha': 0.01, 'NN__hidden_layer_sizes': (6, 6), 'rp__n_components': 30}",0.787765293383271,0.8139825218476904,0.81625,0.8060075093867334,0.8172715894868585,0.80825,0.010985084768824552,26,0.8124413879337293,0.8280712722725851,0.8221875,0.8138081849422055,0.8163074039362699,0.8185631498169579,0.005808861435321729
77,0.29024295806884765,0.01523684107242706,0.0028733253479003907,0.003906032953900646,0.01,"(6, 6)",40,"{'NN__alpha': 0.01, 'NN__hidden_layer_sizes': (6, 6), 'rp__n_components': 40}",0.8052434456928839,0.8027465667915106,0.795,0.8022528160200251,0.8010012515644556,0.80125,0.0034158084306297313,44,0.8158799624882775,0.8099406064395124,0.815625,0.8113089659481412,0.8125585754451734,0.813062622064221,0.0023485971165507573
78,0.09489898681640625,0.00019560197337206134,0.0,0.0,0.01,"(3, 3)",2,"{'NN__alpha': 0.01, 'NN__hidden_layer_sizes': (3, 3), 'rp__n_components': 2}",0.7590511860174781,0.7590511860174781,0.75875,0.7596996245306633,0.7596996245306633,0.75925,0.0003828764417912044,144,0.7592997811816192,0.7592997811816192,0.759375,0.7591377694470478,0.7591377694470478,0.7592500202514668,9.567938552072704e-05
79,0.27622642517089846,0.02123097033597984,0.002936124801635742,0.003976078112546132,0.01,"(3, 3)",5,"{'NN__alpha': 0.01, 'NN__hidden_layer_sizes': (3, 3), 'rp__n_components': 5}",0.7540574282147315,0.7490636704119851,0.73625,0.753441802252816,0.7596996245306633,0.7505,0.007886316237584786,185,0.7624257580493904,0.745232885276649,0.7521875,0.7613245860668542,0.7510153077163386,0.7544372074218465,0.00652292960194388
80,0.43563175201416016,0.06384297969342008,0.0019939422607421877,0.003987884521484375,0.01,"(3, 3)",10,"{'NN__alpha': 0.01, 'NN__hidden_layer_sizes': (3, 3), 'rp__n_components': 10}",0.7565543071161048,0.7490636704119851,0.75375,0.7321652065081352,0.7346683354192741,0.74525,0.00997585908485488,198,0.7680525164113785,0.7596123788683964,0.7696875,0.7344579818806622,0.7569509528272415,0.7577522659975358,0.012611667332183319
81,0.16163926124572753,0.004585140620480401,0.0030360698699951174,0.00405646407001732,0.01,"(3, 3)",20,"{'NN__alpha': 0.01, 'NN__hidden_layer_sizes': (3, 3), 'rp__n_components': 20}",0.7590511860174781,0.7553058676654182,0.75875,0.7596996245306633,0.7609511889862328,0.75875,0.0018818893396612137,160,0.7592997811816192,0.7589871834948422,0.75875,0.7591377694470478,0.7588253670727898,0.7590000202392597,0.00020100253601145659
82,0.5194136142730713,0.11664801884488128,0.003025245666503906,0.004035391422469855,0.01,"(3, 3)",30,"{'NN__alpha': 0.01, 'NN__hidden_layer_sizes': (3, 3), 'rp__n_components': 30}",0.7902621722846442,0.8102372034956304,0.7875,0.7909887359198998,0.7959949937421777,0.795,0.008102426276210372,55,0.7908721475461081,0.8208815254767114,0.79875,0.8072477350827866,0.8109965635738832,0.8057495943358978,0.010286721496981779
83,0.10598459243774414,0.0036378313086807648,0.003988838195800782,0.0037145906497410936,0.01,"(3, 3)",40,"{'NN__alpha': 0.01, 'NN__hidden_layer_sizes': (3, 3), 'rp__n_components': 40}",0.7590511860174781,0.7590511860174781,0.75875,0.7596996245306633,0.7596996245306633,0.75925,0.0003828764417912044,144,0.7592997811816192,0.7592997811816192,0.759375,0.7591377694470478,0.7591377694470478,0.7592500202514668,9.567938552072704e-05
84,0.12808170318603515,0.03369465010382792,0.0010011672973632812,0.002002334594726562,0.01,"(12, 12)",2,"{'NN__alpha': 0.01, 'NN__hidden_layer_sizes': (12, 12), 'rp__n_components': 2}",0.7590511860174781,0.7590511860174781,0.75875,0.7596996245306633,0.7647058823529411,0.76025,0.0022476879795209855,136,0.7592997811816192,0.7592997811816192,0.759375,0.7591377694470478,0.7631990003124024,0.7600622664245378,0.0015702800243460036
85,0.20115818977355956,0.08434623709126685,0.0,0.0,0.01,"(12, 12)",5,"{'NN__alpha': 0.01, 'NN__hidden_layer_sizes': (12, 12), 'rp__n_components': 5}",0.7565543071161048,0.7652933832709113,0.76125,0.7559449311639549,0.772215269086358,0.76225,0.006027302604396416,129,0.7614879649890591,0.7608627696155048,0.760625,0.761012183692596,0.7844423617619494,0.7656860560118218,0.009382392399593912
86,0.38751564025878904,0.08844546613275123,0.0016081809997558593,0.002065628879074854,0.01,"(12, 12)",10,"{'NN__alpha': 0.01, 'NN__hidden_layer_sizes': (12, 12), 'rp__n_components': 10}",0.7478152309612984,0.8014981273408239,0.7725,0.8072590738423029,0.785982478097622,0.783,0.021396378035889063,73,0.7758674585808065,0.806502031884964,0.7971875,0.7972508591065293,0.7997500781005936,0.7953115855345787,0.010298351478195675
87,0.48786354064941406,0.14240771204740535,0.0,0.0,0.01,"(12, 12)",20,"{'NN__alpha': 0.01, 'NN__hidden_layer_sizes': (12, 12), 'rp__n_components': 20}",0.8202247191011236,0.8202247191011236,0.81,0.8247809762202754,0.8010012515644556,0.81525,0.008609518414078407,14,0.8371366051891216,0.8236949046577056,0.8259375,0.8284910965323337,0.8247422680412371,0.8280004748840796,0.004839820218350468
88,0.39806013107299804,0.0952243441505487,0.002006053924560547,0.0024569112938612973,0.01,"(12, 12)",30,"{'NN__alpha': 0.01, 'NN__hidden_layer_sizes': (12, 12), 'rp__n_components': 30}",0.8352059925093633,0.8239700374531835,0.80875,0.8172715894868585,0.8210262828535669,0.82125,0.008654813613298437,3,0.8261956861519225,0.8440137542982182,0.841875,0.8278662917838175,0.837863167760075,0.8355627799988066,0.007259934569743378
89,0.515949296951294,0.09733764810090029,0.0010038375854492187,0.0020076751708984373,0.01,"(12, 12)",40,"{'NN__alpha': 0.01, 'NN__hidden_layer_sizes': (12, 12), 'rp__n_components': 40}",0.8027465667915106,0.8202247191011236,0.805,0.8222778473091364,0.8235294117647058,0.81475,0.008976796751328174,18,0.8305720537668021,0.8374492028758987,0.820625,0.837550765385817,0.8394251796313652,0.8331244403319766,0.006938961392790022
90,0.2310016632080078,0.05799711670818189,0.002977323532104492,0.003959643152847133,0.01,"(6, 6, 6)",2,"{'NN__alpha': 0.01, 'NN__hidden_layer_sizes': (6, 6, 6), 'rp__n_components': 2}",0.7702871410736579,0.7590511860174781,0.76625,0.7672090112640801,0.7647058823529411,0.7655,0.003706587500714727,108,0.7714910909659268,0.7592997811816192,0.77125,0.7697594501718213,0.7703842549203374,0.7684369154479409,0.004610203564032952
91,0.4119908809661865,0.22221727268488153,0.0020059585571289063,0.002456797246751907,0.01,"(6, 6, 6)",5,"{'NN__alpha': 0.01, 'NN__hidden_layer_sizes': (6, 6, 6), 'rp__n_components': 5}",0.7478152309612984,0.7415730337078652,0.76375,0.7284105131414268,0.769712140175219,0.75025,0.01495485058734896,186,0.7599249765551734,0.7508596436386371,0.7759375,0.7360199937519525,0.7722586691658857,0.7590001566223298,0.014545603353973726
92,0.17207036018371583,0.025714293167717363,0.003034830093383789,0.004060031449397584,0.01,"(6, 6, 6)",10,"{'NN__alpha': 0.01, 'NN__hidden_layer_sizes': (6, 6, 6), 'rp__n_components': 10}",0.7590511860174781,0.7578027465667915,0.745,0.7559449311639549,0.7571964956195244,0.755,0.005099179774978875,172,0.7564864020006252,0.758674585808065,0.755,0.7572633552014996,0.7566385504529834,0.7568125786926346,0.0011909986178377523
93,0.2589383125305176,0.008649756353490752,0.0030024051666259766,0.002451453554655692,0.01,"(6, 6, 6)",20,"{'NN__alpha': 0.01, 'NN__hidden_layer_sizes': (6, 6, 6), 'rp__n_components': 20}",0.7465667915106118,0.7565543071161048,0.7575,0.7596996245306633,0.7596996245306633,0.756,0.004878412034941514,168,0.7467958737105346,0.758674585808065,0.7590625,0.7588253670727898,0.7588253670727898,0.7564367387328359,0.004822031746791919
94,0.27687826156616213,0.06370826027794077,0.0019100189208984375,0.0023448849492140552,0.01,"(6, 6, 6)",30,"{'NN__alpha': 0.01, 'NN__hidden_layer_sizes': (6, 6, 6), 'rp__n_components': 30}",0.7615480649188514,0.7615480649188514,0.795,0.7596996245306633,0.8035043804755945,0.77625,0.01897283292264929,86,0.7664895279774929,0.7680525164113785,0.7965625,0.7644486098094345,0.8044361137144642,0.779997853582554,0.01696208119253783
95,0.4322310447692871,0.15758149878753877,0.0018043994903564453,0.0022319794006784477,0.01,"(6, 6, 6)",40,"{'NN__alpha': 0.01, 'NN__hidden_layer_sizes': (6, 6, 6), 'rp__n_components': 40}",0.8127340823970037,0.8114856429463171,0.8,0.8147684605757196,0.7622027534418022,0.80025,0.019691687563580095,45,0.8096280087527352,0.8099406064395124,0.83125,0.8075601374570447,0.7800687285223368,0.8076894962343257,0.016290157815841998
96,0.11693830490112304,0.0022385997762132967,0.0,0.0,0.01,"(3, 3, 3)",2,"{'NN__alpha': 0.01, 'NN__hidden_layer_sizes': (3, 3, 3), 'rp__n_components': 2}",0.7590511860174781,0.7590511860174781,0.75875,0.7596996245306633,0.7596996245306633,0.75925,0.0003828764417912044,144,0.7592997811816192,0.7592997811816192,0.759375,0.7591377694470478,0.7591377694470478,0.7592500202514668,9.567938552072704e-05
97,0.12969279289245605,0.0097296068991824,0.0020148754119873047,0.002467712336545859,0.01,"(3, 3, 3)",5,"{'NN__alpha': 0.01, 'NN__hidden_layer_sizes': (3, 3, 3), 'rp__n_components': 5}",0.7590511860174781,0.7590511860174781,0.75875,0.7596996245306633,0.7596996245306633,0.75925,0.0003828764417912044,144,0.7592997811816192,0.7592997811816192,0.759375,0.7591377694470478,0.7591377694470478,0.7592500202514668,9.567938552072704e-05
98,0.13077955245971679,0.005348526468271407,0.0,0.0,0.01,"(3, 3, 3)",10,"{'NN__alpha': 0.01, 'NN__hidden_layer_sizes': (3, 3, 3), 'rp__n_components': 10}",0.24094881398252185,0.24094881398252185,0.24125,0.24030037546933666,0.24030037546933666,0.24075,0.00038287644179121894,205,0.24070021881838075,0.24070021881838075,0.240625,0.2408622305529522,0.2408622305529522,0.24074997974853315,9.567938552072555e-05
99,0.31980419158935547,0.024087798455014867,0.0010006427764892578,0.0020012855529785156,0.01,"(3, 3, 3)",20,"{'NN__alpha': 0.01, 'NN__hidden_layer_sizes': (3, 3, 3), 'rp__n_components': 20}",0.7365792759051186,0.7590511860174781,0.70875,0.7596996245306633,0.7571964956195244,0.74425,0.01971957037166122,200,0.7333541731791184,0.7592997811816192,0.713125,0.7591377694470478,0.7410184317400812,0.7411870311095733,0.017315659970868095
100,0.14199037551879884,0.0049655257236294464,0.0,0.0,0.01,"(3, 3, 3)",30,"{'NN__alpha': 0.01, 'NN__hidden_layer_sizes': (3, 3, 3), 'rp__n_components': 30}",0.24094881398252185,0.24094881398252185,0.24125,0.24030037546933666,0.24030037546933666,0.24075,0.00038287644179121894,205,0.24070021881838075,0.24070021881838075,0.240625,0.2408622305529522,0.2408622305529522,0.24074997974853315,9.567938552072555e-05
101,0.13611531257629395,0.005931143610787222,0.0020069122314453126,0.002457967493068244,0.01,"(3, 3, 3)",40,"{'NN__alpha': 0.01, 'NN__hidden_layer_sizes': (3, 3, 3), 'rp__n_components': 40}",0.24094881398252185,0.24094881398252185,0.24125,0.24030037546933666,0.24030037546933666,0.24075,0.00038287644179121894,205,0.24070021881838075,0.24070021881838075,0.240625,0.2408622305529522,0.2408622305529522,0.24074997974853315,9.567938552072555e-05
102,0.3409478187561035,0.12175205135300325,0.0020256519317626955,0.0024809185010702165,0.01,"(12, 12, 12)",2,"{'NN__alpha': 0.01, 'NN__hidden_layer_sizes': (12, 12, 12), 'rp__n_components': 2}",0.7702871410736579,0.7727840199750312,0.75625,0.7784730913642053,0.7734668335419274,0.77025,0.0074873287031836325,96,0.7696155048452642,0.7689903094717099,0.7571875,0.7703842549203374,0.7710090596688535,0.7674373257812329,0.005170238393698653
103,0.36310701370239257,0.06340063261239302,0.0029127120971679686,0.0023849380326885347,0.01,"(12, 12, 12)",5,"{'NN__alpha': 0.01, 'NN__hidden_layer_sizes': (12, 12, 12), 'rp__n_components': 5}",0.7765293383270911,0.7802746566791511,0.755,0.7747183979974969,0.769712140175219,0.77125,0.00880785774366223,95,0.7708658955923726,0.7711784932791498,0.78375,0.7613245860668542,0.7750702905342081,0.772437853094517,0.007245082967728699
104,0.48121933937072753,0.14409364508074923,0.0020056724548339843,0.002456444092108694,0.01,"(12, 12, 12)",10,"{'NN__alpha': 0.01, 'NN__hidden_layer_sizes': (12, 12, 12), 'rp__n_components': 10}",0.7727840199750312,0.8039950062421972,0.7625,0.8035043804755945,0.8035043804755945,0.78925,0.017947610670940854,68,0.8111909971866208,0.7999374804626446,0.7728125,0.8003748828491096,0.8081849422055608,0.7985001605407872,0.013566788175654345
105,0.2760420322418213,0.08357771317580566,0.003037881851196289,0.0024806043267686043,0.01,"(12, 12, 12)",20,"{'NN__alpha': 0.01, 'NN__hidden_layer_sizes': (12, 12, 12), 'rp__n_components': 20}",0.7740324594257179,0.7240948813982522,0.77625,0.7947434292866082,0.753441802252816,0.7645,0.02408032707482825,117,0.7724288840262582,0.7521100343857455,0.7971875,0.7900656044985942,0.7603873789440799,0.7744358803709355,0.017098282356275942
106,0.3712466716766357,0.06714039991478842,0.0019067764282226563,0.0023401196248306086,0.01,"(12, 12, 12)",30,"{'NN__alpha': 0.01, 'NN__hidden_layer_sizes': (12, 12, 12), 'rp__n_components': 30}",0.8289637952559301,0.8052434456928839,0.79625,0.8110137672090113,0.8110137672090113,0.8105,0.010701341326281128,23,0.8296342607064707,0.8258830884651454,0.816875,0.8250546704154952,0.8119337706966573,0.8218761580567537,0.006483968494105282
107,0.47304182052612304,0.09440823571989254,0.0010055065155029296,0.002011013031005859,0.01,"(12, 12, 12)",40,"{'NN__alpha': 0.01, 'NN__hidden_layer_sizes': (12, 12, 12), 'rp__n_components': 40}",0.8202247191011236,0.8214731585518102,0.8,0.8285356695869838,0.8235294117647058,0.81875,0.009794066881140808,8,0.8218193185370428,0.8296342607064707,0.8365625,0.8297407060293658,0.8487972508591065,0.8333108072263972,0.009041242961570843
108,0.1745443344116211,0.01956789686900033,0.0010044097900390625,0.0020088195800781247,0.001,"(6,)",2,"{'NN__alpha': 0.001, 'NN__hidden_layer_sizes': (6,), 'rp__n_components': 2}",0.7590511860174781,0.7590511860174781,0.75875,0.7596996245306633,0.7571964956195244,0.75875,0.0008357836410129252,160,0.7592997811816192,0.7592997811816192,0.758125,0.7575757575757576,0.7582005623242737,0.758500176452654,0.0006875771522790244
109,0.44212994575500486,0.07219987210773161,0.0010120868682861328,0.0020241737365722656,0.001,"(6,)",5,"{'NN__alpha': 0.001, 'NN__hidden_layer_sizes': (6,), 'rp__n_components': 5}",0.7553058676654182,0.7290886392009988,0.76625,0.7546933667083855,0.7384230287859824,0.74875,0.013252380350784214,190,0.7471084713973116,0.7383557361675523,0.7703125,0.7497656982193065,0.7563261480787254,0.7523737107725791,0.010662551353113545
110,0.30020895004272463,0.025077434777252158,0.0,0.0,0.001,"(6,)",10,"{'NN__alpha': 0.001, 'NN__hidden_layer_sizes': (6,), 'rp__n_components': 10}",0.7890137328339576,0.7852684144818977,0.75875,0.7909887359198998,0.7759699624530664,0.78,0.01181122011534612,77,0.7871209753047828,0.7861831822444514,0.7896875,0.7850671665104655,0.7891283973758201,0.7874374442871039,0.0017443403157762125
111,0.21982235908508302,0.04578923875635762,0.0010008811950683594,0.0020017623901367188,0.001,"(6,)",20,"{'NN__alpha': 0.001, 'NN__hidden_layer_sizes': (6,), 'rp__n_components': 20}",0.7902621722846442,0.7965043695380774,0.79875,0.8122653316645807,0.769712140175219,0.7935,0.013884877381037136,59,0.8068146295717412,0.8140043763676149,0.7915625,0.795688847235239,0.7841299593876914,0.7984400625124574,0.01069607724605697
112,0.2910304546356201,0.03235833875842086,0.003972339630126953,0.003694259680613376,0.001,"(6,)",30,"{'NN__alpha': 0.001, 'NN__hidden_layer_sizes': (6,), 'rp__n_components': 30}",0.815230961298377,0.8089887640449438,0.7875,0.785982478097622,0.7709637046307884,0.79375,0.016201274076721072,56,0.8146295717411691,0.8161925601750547,0.7953125,0.7797563261480788,0.8075601374570447,0.8026902191042694,0.01363063935294504
113,0.2589550018310547,0.04451255752709371,0.002141523361206055,0.0023621121844172293,0.001,"(6,)",40,"{'NN__alpha': 0.001, 'NN__hidden_layer_sizes': (6,), 'rp__n_components': 40}",0.8077403245942572,0.8139825218476904,0.79,0.8022528160200251,0.8035043804755945,0.8035,0.007897176573722967,34,0.8268208815254767,0.8136917786808378,0.818125,0.8144329896907216,0.8109965635738832,0.8168134426941839,0.0054975710989965485
114,0.12190866470336914,0.0469984907285022,0.0011143207550048829,0.0019712902944159488,0.001,"(3,)",2,"{'NN__alpha': 0.001, 'NN__hidden_layer_sizes': (3,), 'rp__n_components': 2}",0.7403245942571786,0.7403245942571786,0.7625,0.7596996245306633,0.7596996245306633,0.7525,0.010003911350554492,180,0.745545482963426,0.745545482963426,0.75625,0.7591377694470478,0.7591377694470478,0.7531233009641896,0.00627647290169438
115,0.20369844436645507,0.019570877224980934,0.0010080337524414062,0.0020160675048828125,0.001,"(3,)",5,"{'NN__alpha': 0.001, 'NN__hidden_layer_sizes': (3,), 'rp__n_components': 5}",0.7378277153558053,0.7615480649188514,0.7525,0.7546933667083855,0.7584480600750939,0.753,0.008202498193288481,177,0.7442950922163176,0.7567989996874023,0.7575,0.7575757575757576,0.7588253670727898,0.7549990433104534,0.005391649214976792
116,0.16392645835876465,0.03738827983532066,0.0,0.0,0.001,"(3,)",10,"{'NN__alpha': 0.001, 'NN__hidden_layer_sizes': (3,), 'rp__n_components': 10}",0.766541822721598,0.7565543071161048,0.7375,0.7584480600750939,0.7809762202753442,0.76,0.0141622307630399,140,0.7649265395436073,0.7702407002188184,0.749375,0.7631990003124024,0.7616369884411122,0.7618756457031881,0.006889941334758666
117,0.4619546890258789,0.16935956547213063,0.0010054588317871093,0.0020109176635742187,0.001,"(3,)",20,"{'NN__alpha': 0.001, 'NN__hidden_layer_sizes': (3,), 'rp__n_components': 20}",0.818976279650437,0.8102372034956304,0.80125,0.8122653316645807,0.7396745932415519,0.7965,0.028950472256169237,52,0.8171303532353861,0.8174429509221631,0.804375,0.8122461730709153,0.746641674476726,0.7995672303410382,0.026881180678995427
118,0.44306960105896,0.10333262049961618,0.0020017147064208983,0.0024515898311119728,0.001,"(3,)",30,"{'NN__alpha': 0.001, 'NN__hidden_layer_sizes': (3,), 'rp__n_components': 30}",0.7540574282147315,0.7403245942571786,0.77375,0.7797246558197747,0.785982478097622,0.76675,0.017011965327608576,103,0.7496092528915286,0.771803688652704,0.7978125,0.7863167760074976,0.7919400187441424,0.7794964472591746,0.01725838964497143
119,0.29898762702941895,0.1034524454060767,0.0030127048492431642,0.0024598798528807256,0.001,"(3,)",40,"{'NN__alpha': 0.001, 'NN__hidden_layer_sizes': (3,), 'rp__n_components': 40}",0.7865168539325843,0.7915106117353309,0.7825,0.7847309136420526,0.7571964956195244,0.7805,0.012015703486553186,75,0.7805564238824633,0.8008752735229759,0.8065625,0.7794439237738207,0.7731958762886598,0.7881267994935839,0.013099878080730348
120,0.15845103263854982,0.00978409035063481,0.0010097503662109375,0.002019500732421875,0.001,"(12,)",2,"{'NN__alpha': 0.001, 'NN__hidden_layer_sizes': (12,), 'rp__n_components': 2}",0.7677902621722846,0.766541822721598,0.75625,0.7634543178973717,0.7672090112640801,0.76425,0.004270486192873049,120,0.769302907158487,0.7649265395436073,0.7715625,0.7653858169322086,0.7685098406747891,0.7679375208618184,0.0024863428927926782
121,0.23109025955200196,0.05125525324926601,0.0010013103485107422,0.0020026206970214845,0.001,"(12,)",5,"{'NN__alpha': 0.001, 'NN__hidden_layer_sizes': (12,), 'rp__n_components': 5}",0.762796504369538,0.7815230961298377,0.77,0.7684605757196495,0.7772215269086358,0.772,0.006623519630714237,91,0.7680525164113785,0.7686777117849328,0.774375,0.7694470477975632,0.774445485785692,0.7709995523559133,0.002819728316684622
122,0.2141080379486084,0.07426465611898883,0.0,0.0,0.001,"(12,)",10,"{'NN__alpha': 0.001, 'NN__hidden_layer_sizes': (12,), 'rp__n_components': 10}",0.7365792759051186,0.7553058676654182,0.75625,0.7897371714643304,0.7872340425531915,0.765,0.0204171538267944,112,0.7527352297592997,0.7577367927477336,0.7871875,0.7897532021243362,0.7938144329896907,0.776245431524212,0.017356023957078692
123,0.36795363426208494,0.03316681757715774,0.0010010719299316407,0.0020021438598632813,0.001,"(12,)",20,"{'NN__alpha': 0.001, 'NN__hidden_layer_sizes': (12,), 'rp__n_components': 20}",0.8077403245942572,0.7890137328339576,0.78375,0.818523153942428,0.8122653316645807,0.80225,0.01350936797380242,41,0.8018130665833073,0.8093154110659581,0.8196875,0.8128709778194314,0.8303655107778819,0.8148104932493159,0.009681265551601216
124,0.27701687812805176,0.026963286957108337,0.0020023345947265624,0.0024523490303371477,0.001,"(12,)",30,"{'NN__alpha': 0.001, 'NN__hidden_layer_sizes': (12,), 'rp__n_components': 30}",0.8264669163545568,0.7952559300873908,0.80125,0.8010012515644556,0.8060075093867334,0.806,0.010793668730932082,30,0.8215067208502657,0.8149421694279463,0.8209375,0.8141205873164636,0.8128709778194314,0.8168755910828214,0.0036141820488699177
125,0.4020030975341797,0.06334987533150291,0.0010007858276367188,0.0020015716552734372,0.001,"(12,)",40,"{'NN__alpha': 0.001, 'NN__hidden_layer_sizes': (12,), 'rp__n_components': 40}",0.8302122347066168,0.8314606741573034,0.80625,0.818523153942428,0.8072590738423029,0.81875,0.010784136211322884,8,0.8368240075023445,0.8415129728040013,0.8340625,0.8266166822867854,0.8316151202749141,0.834126256573609,0.004990891966822311
126,0.30596022605895995,0.03755011111703919,0.0031542301177978514,0.004121298047933411,0.001,"(6, 6)",2,"{'NN__alpha': 0.001, 'NN__hidden_layer_sizes': (6, 6), 'rp__n_components': 2}",0.7702871410736579,0.7702871410736579,0.755,0.7684605757196495,0.7634543178973717,0.7655,0.0058150557640374205,108,0.761175367302282,0.7671147233510472,0.766875,0.767572633552015,0.7685098406747891,0.7662495129760266,0.0025979417504240036
127,0.40468382835388184,0.05607278962758577,0.0,0.0,0.001,"(6, 6)",5,"{'NN__alpha': 0.001, 'NN__hidden_layer_sizes': (6, 6), 'rp__n_components': 5}",0.7702871410736579,0.766541822721598,0.74875,0.7509386733416771,0.7659574468085106,0.7605,0.008849528876201303,133,0.7646139418568303,0.7649265395436073,0.7584375,0.7594501718213058,0.7663230240549829,0.7627502354553453,0.0031769364648895604
128,0.3778742790222168,0.08787737055475951,0.0,0.0,0.001,"(6, 6)",10,"{'NN__alpha': 0.001, 'NN__hidden_layer_sizes': (6, 6), 'rp__n_components': 10}",0.784019975031211,0.7915106117353309,0.77,0.7484355444305382,0.7897371714643304,0.77675,0.01603615386598801,83,0.793060331353548,0.7933729290403251,0.785625,0.7488284910965324,0.7850671665104655,0.7811907836001742,0.0165607815457699
129,0.39203391075134275,0.15969341057485448,0.0029644012451171876,0.003935900889522206,0.001,"(6, 6)",20,"{'NN__alpha': 0.001, 'NN__hidden_layer_sizes': (6, 6), 'rp__n_components': 20}",0.7727840199750312,0.7740324594257179,0.74625,0.7659574468085106,0.7596996245306633,0.76375,0.010149664346796657,124,0.784932791497343,0.8058768365114098,0.7690625,0.7735082786629178,0.7653858169322086,0.7797532447207758,0.014621794403305058
130,0.3540616989135742,0.05721223062293959,0.0009030818939208985,0.001806163787841797,0.001,"(6, 6)",30,"{'NN__alpha': 0.001, 'NN__hidden_layer_sizes': (6, 6), 'rp__n_components': 30}",0.7890137328339576,0.8127340823970037,0.81375,0.8060075093867334,0.8172715894868585,0.80775,0.010059209356176784,28,0.8124413879337293,0.8280712722725851,0.8215625,0.8138081849422055,0.8156825991877539,0.8183131888672548,0.005787422970758608
131,0.3050861358642578,0.04108979969322395,0.0018092155456542968,0.0022158283278654236,0.001,"(6, 6)",40,"{'NN__alpha': 0.001, 'NN__hidden_layer_sizes': (6, 6), 'rp__n_components': 40}",0.8064918851435705,0.8077403245942572,0.79375,0.8035043804755945,0.8010012515644556,0.8025,0.004965155632359134,38,0.8155673648015005,0.8190059393560488,0.815625,0.8113089659481412,0.8119337706966573,0.8146882081604696,0.0028035513799105826
132,0.09192428588867188,0.0023218632366222795,0.0,0.0,0.001,"(3, 3)",2,"{'NN__alpha': 0.001, 'NN__hidden_layer_sizes': (3, 3), 'rp__n_components': 2}",0.7590511860174781,0.7590511860174781,0.75875,0.7596996245306633,0.7596996245306633,0.75925,0.0003828764417912044,144,0.7592997811816192,0.7592997811816192,0.759375,0.7591377694470478,0.7591377694470478,0.7592500202514668,9.567938552072704e-05
133,0.2760916233062744,0.016719730663174205,0.0030050277709960938,0.0040061475932225594,0.001,"(3, 3)",5,"{'NN__alpha': 0.001, 'NN__hidden_layer_sizes': (3, 3), 'rp__n_components': 5}",0.7540574282147315,0.7478152309612984,0.73625,0.753441802252816,0.7596996245306633,0.75025,0.007947437225664168,186,0.7621131603626133,0.7446076899030947,0.7521875,0.7613245860668542,0.7510153077163386,0.7542496488097802,0.006626769087778577
134,0.4294732570648193,0.08638543163017971,0.0026321887969970705,0.002263366399985186,0.001,"(3, 3)",10,"{'NN__alpha': 0.001, 'NN__hidden_layer_sizes': (3, 3), 'rp__n_components': 10}",0.7540574282147315,0.7490636704119851,0.755,0.7108886107634543,0.7334167709637046,0.7405,0.016694666717711484,203,0.7689903094717099,0.7596123788683964,0.7696875,0.711340206185567,0.7613245860668542,0.7541909961185056,0.021797389764025978
135,0.16313443183898926,0.006939734939445779,0.001007986068725586,0.0020159721374511715,0.001,"(3, 3)",20,"{'NN__alpha': 0.001, 'NN__hidden_layer_sizes': (3, 3), 'rp__n_components': 20}",0.7590511860174781,0.7553058676654182,0.75875,0.7596996245306633,0.7584480600750939,0.75825,0.0015303211937587342,165,0.7592997811816192,0.7589871834948422,0.75875,0.7591377694470478,0.7585129646985317,0.7589375397644081,0.00027900194261786974
136,0.458983039855957,0.036953892489627736,0.001000690460205078,0.002001380920410156,0.001,"(3, 3)",30,"{'NN__alpha': 0.001, 'NN__hidden_layer_sizes': (3, 3), 'rp__n_components': 30}",0.7902621722846442,0.7815230961298377,0.7925,0.7934918648310388,0.7959949937421777,0.79075,0.004970451598240516,65,0.7908721475461081,0.7899343544857768,0.7984375,0.8094345517025929,0.8125585754451734,0.8002474258359303,0.009311270607254467
137,0.10947093963623047,0.0031645673030239662,0.0025192737579345704,0.0022541546416593753,0.001,"(3, 3)",40,"{'NN__alpha': 0.001, 'NN__hidden_layer_sizes': (3, 3), 'rp__n_components': 40}",0.7590511860174781,0.7590511860174781,0.75875,0.7596996245306633,0.7596996245306633,0.75925,0.0003828764417912044,144,0.7592997811816192,0.7592997811816192,0.759375,0.7591377694470478,0.7591377694470478,0.7592500202514668,9.567938552072704e-05
138,0.12303156852722168,0.036117425834384966,0.002007198333740234,0.0024583188555839927,0.001,"(12, 12)",2,"{'NN__alpha': 0.001, 'NN__hidden_layer_sizes': (12, 12), 'rp__n_components': 2}",0.7590511860174781,0.7590511860174781,0.75875,0.7596996245306633,0.7647058823529411,0.76025,0.0022476879795209855,136,0.7592997811816192,0.7592997811816192,0.759375,0.7591377694470478,0.7631990003124024,0.7600622664245378,0.0015702800243460036
139,0.20502996444702148,0.08762414101080752,0.0,0.0,0.001,"(12, 12)",5,"{'NN__alpha': 0.001, 'NN__hidden_layer_sizes': (12, 12), 'rp__n_components': 5}",0.7553058676654182,0.7652933832709113,0.76125,0.7559449311639549,0.7734668335419274,0.76225,0.006692074315685244,129,0.7614879649890591,0.761175367302282,0.760625,0.7613245860668542,0.7844423617619494,0.765811056024029,0.009320170269715397
140,0.3954324722290039,0.08263880738617448,0.0015070915222167968,0.00200456074726507,0.001,"(12, 12)",10,"{'NN__alpha': 0.001, 'NN__hidden_layer_sizes': (12, 12), 'rp__n_components': 10}",0.7490636704119851,0.8014981273408239,0.77875,0.8060075093867334,0.785982478097622,0.78425,0.020216529687133174,72,0.7758674585808065,0.8068146295717412,0.7990625,0.7975632614807873,0.7991252733520775,0.7956866245970825,0.01042472486242463
141,0.487000560760498,0.12461151176312503,0.001980876922607422,0.003961753845214843,0.001,"(12, 12)",20,"{'NN__alpha': 0.001, 'NN__hidden_layer_sizes': (12, 12), 'rp__n_components': 20}",0.8239700374531835,0.8227215980024969,0.81,0.8172715894868585,0.8010012515644556,0.815,0.008557259183242896,15,0.8308846514535793,0.8230697092841514,0.8253125,0.8331771321462043,0.8247422680412371,0.8274372521850344,0.003890597025125689
142,0.46849994659423827,0.09364353064484073,0.0010013103485107422,0.002002620697021485,0.001,"(12, 12)",30,"{'NN__alpha': 0.001, 'NN__hidden_layer_sizes': (12, 12), 'rp__n_components': 30}",0.83270911360799,0.8239700374531835,0.80625,0.8247809762202754,0.818523153942428,0.82125,0.00876084332612804,3,0.8265082838386996,0.8449515473585495,0.836875,0.8394251796313652,0.8409871915026554,0.837749440466254,0.006201447019292996
143,0.5459399700164795,0.10445461630401323,0.0,0.0,0.001,"(12, 12)",40,"{'NN__alpha': 0.001, 'NN__hidden_layer_sizes': (12, 12), 'rp__n_components': 40}",0.8052434456928839,0.8202247191011236,0.80875,0.8247809762202754,0.8235294117647058,0.8165,0.0079832510872175,13,0.8315098468271335,0.8368240075023445,0.8284375,0.8434864104967198,0.8391127772571072,0.835874108416661,0.005360752765306472
144,0.20600471496582032,0.05364884442813536,0.0016144275665283202,0.002075315874731348,0.001,"(6, 6, 6)",2,"{'NN__alpha': 0.001, 'NN__hidden_layer_sizes': (6, 6, 6), 'rp__n_components': 2}",0.7752808988764045,0.7590511860174781,0.75875,0.7672090112640801,0.7647058823529411,0.765,0.006087432205003767,112,0.7674273210378243,0.7592997811816192,0.759375,0.7697594501718213,0.7703842549203374,0.7652491614623205,0.004926604648473132
145,0.2999749660491943,0.13089561890582677,0.0010010719299316407,0.0020021438598632813,0.001,"(6, 6, 6)",5,"{'NN__alpha': 0.001, 'NN__hidden_layer_sizes': (6, 6, 6), 'rp__n_components': 5}",0.7465667915106118,0.7428214731585518,0.73875,0.7284105131414268,0.772215269086358,0.74575,0.014546971568658081,196,0.7599249765551734,0.7508596436386371,0.7415625,0.7360199937519525,0.7719462667916276,0.7520626761474782,0.012854894705084587
146,0.1759718418121338,0.029238623496466824,0.001007413864135742,0.002014827728271484,0.001,"(6, 6, 6)",10,"{'NN__alpha': 0.001, 'NN__hidden_layer_sizes': (6, 6, 6), 'rp__n_components': 10}",0.7590511860174781,0.7578027465667915,0.745,0.7559449311639549,0.7571964956195244,0.755,0.005099179774978875,172,0.7564864020006252,0.758674585808065,0.755,0.7572633552014996,0.7566385504529834,0.7568125786926346,0.0011909986178377523
147,0.2612453937530518,0.007998787253913743,0.0010007858276367188,0.0020015716552734372,0.001,"(6, 6, 6)",20,"{'NN__alpha': 0.001, 'NN__hidden_layer_sizes': (6, 6, 6), 'rp__n_components': 20}",0.7465667915106118,0.7565543071161048,0.7575,0.7596996245306633,0.7596996245306633,0.756,0.004878412034941514,168,0.7461706783369803,0.758674585808065,0.75875,0.7588253670727898,0.7588253670727898,0.756249199658125,0.005039570804022379
148,0.2989919662475586,0.09620986864727323,0.0010010719299316407,0.0020021438598632813,0.001,"(6, 6, 6)",30,"{'NN__alpha': 0.001, 'NN__hidden_layer_sizes': (6, 6, 6), 'rp__n_components': 30}",0.7615480649188514,0.7615480649188514,0.7975,0.7596996245306633,0.8110137672090113,0.77825,0.021656306486510433,81,0.7664895279774929,0.7680525164113785,0.798125,0.7644486098094345,0.816932208684786,0.7828095725766183,0.021072048444566057
149,0.41330780982971194,0.1173358168711981,0.0010015487670898438,0.0020030975341796876,0.001,"(6, 6, 6)",40,"{'NN__alpha': 0.001, 'NN__hidden_layer_sizes': (6, 6, 6), 'rp__n_components': 40}",0.8114856429463171,0.8114856429463171,0.785,0.818523153942428,0.7609511889862328,0.7975,0.021556909635831983,47,0.8099406064395124,0.8096280087527352,0.8153125,0.8322399250234301,0.7803811308965948,0.8095004342224545,0.016727273558563228
150,0.11798548698425293,0.0022316515693976344,0.001000690460205078,0.002001380920410156,0.001,"(3, 3, 3)",2,"{'NN__alpha': 0.001, 'NN__hidden_layer_sizes': (3, 3, 3), 'rp__n_components': 2}",0.7590511860174781,0.7590511860174781,0.75875,0.7596996245306633,0.7596996245306633,0.75925,0.0003828764417912044,144,0.7592997811816192,0.7592997811816192,0.759375,0.7591377694470478,0.7591377694470478,0.7592500202514668,9.567938552072704e-05
151,0.12605085372924804,0.009652553726203756,0.0010042190551757812,0.0020084381103515625,0.001,"(3, 3, 3)",5,"{'NN__alpha': 0.001, 'NN__hidden_layer_sizes': (3, 3, 3), 'rp__n_components': 5}",0.7590511860174781,0.7590511860174781,0.75875,0.7596996245306633,0.7596996245306633,0.75925,0.0003828764417912044,144,0.7592997811816192,0.7592997811816192,0.759375,0.7591377694470478,0.7591377694470478,0.7592500202514668,9.567938552072704e-05
152,0.12015748023986816,0.005411376751221489,0.0029273033142089844,0.003863931718391942,0.001,"(3, 3, 3)",10,"{'NN__alpha': 0.001, 'NN__hidden_layer_sizes': (3, 3, 3), 'rp__n_components': 10}",0.24094881398252185,0.24094881398252185,0.24125,0.24030037546933666,0.24030037546933666,0.24075,0.00038287644179121894,205,0.24070021881838075,0.24070021881838075,0.240625,0.2408622305529522,0.2408622305529522,0.24074997974853315,9.567938552072555e-05
153,0.2720283031463623,0.024188704558566705,0.0010010242462158204,0.002002048492431641,0.001,"(3, 3, 3)",20,"{'NN__alpha': 0.001, 'NN__hidden_layer_sizes': (3, 3, 3), 'rp__n_components': 20}",0.7378277153558053,0.7590511860174781,0.72875,0.7596996245306633,0.7571964956195244,0.7485,0.01277793815363535,192,0.7330415754923414,0.7592997811816192,0.7325,0.7591377694470478,0.7413308341143393,0.7450619920470696,0.011975456122523565
154,0.1319791316986084,0.004132265298488871,0.0010007381439208984,0.0020014762878417967,0.001,"(3, 3, 3)",30,"{'NN__alpha': 0.001, 'NN__hidden_layer_sizes': (3, 3, 3), 'rp__n_components': 30}",0.24094881398252185,0.24094881398252185,0.24125,0.24030037546933666,0.24030037546933666,0.24075,0.00038287644179121894,205,0.24070021881838075,0.24070021881838075,0.240625,0.2408622305529522,0.2408622305529522,0.24074997974853315,9.567938552072555e-05
155,0.13207073211669923,0.0024666473864914363,0.0020113468170166017,0.002463388112093389,0.001,"(3, 3, 3)",40,"{'NN__alpha': 0.001, 'NN__hidden_layer_sizes': (3, 3, 3), 'rp__n_components': 40}",0.24094881398252185,0.24094881398252185,0.24125,0.24030037546933666,0.24030037546933666,0.24075,0.00038287644179121894,205,0.24070021881838075,0.24070021881838075,0.240625,0.2408622305529522,0.2408622305529522,0.24074997974853315,9.567938552072555e-05
156,0.3400430202484131,0.11496295576293657,0.004022645950317383,0.003770739820115973,0.001,"(12, 12, 12)",2,"{'NN__alpha': 0.001, 'NN__hidden_layer_sizes': (12, 12, 12), 'rp__n_components': 2}",0.7702871410736579,0.7727840199750312,0.75625,0.7772215269086358,0.772215269086358,0.76975,0.007121510435591303,99,0.7696155048452642,0.7699281025320412,0.7571875,0.7700718525460793,0.7719462667916276,0.7677498453430025,0.005343974164055177
157,0.3560122013092041,0.06329686630366525,0.0019018173217773438,0.0023346364221714043,0.001,"(12, 12, 12)",5,"{'NN__alpha': 0.001, 'NN__hidden_layer_sizes': (12, 12, 12), 'rp__n_components': 5}",0.7765293383270911,0.7815230961298377,0.76,0.7747183979974969,0.7684605757196495,0.77225,0.007415161310525942,90,0.7714910909659268,0.772116286339481,0.7840625,0.7616369884411122,0.7753826929084661,0.7729379117309974,0.0072140508034616675
158,0.4701500415802002,0.11674874128256853,0.0030033111572265623,0.002452193367061015,0.001,"(12, 12, 12)",10,"{'NN__alpha': 0.001, 'NN__hidden_layer_sizes': (12, 12, 12), 'rp__n_components': 10}",0.7765293383270911,0.8027465667915106,0.7625,0.804755944931164,0.799749687108886,0.78925,0.01679407291061832,68,0.811816192560175,0.798374492028759,0.7725,0.8003748828491096,0.8053733208372383,0.7976877776550564,0.013422339109796615
159,0.2777444362640381,0.08123569512386337,0.0020139217376708984,0.0031165407140327003,0.001,"(12, 12, 12)",20,"{'NN__alpha': 0.001, 'NN__hidden_layer_sizes': (12, 12, 12), 'rp__n_components': 20}",0.7740324594257179,0.7228464419475655,0.7775,0.7947434292866082,0.753441802252816,0.7645,0.02462852657375694,117,0.7724288840262582,0.7521100343857455,0.7971875,0.7900656044985942,0.7603873789440799,0.7744358803709355,0.017098282356275942
160,0.36327180862426756,0.08251817933198573,0.001607513427734375,0.00321502685546875,0.001,"(12, 12, 12)",30,"{'NN__alpha': 0.001, 'NN__hidden_layer_sizes': (12, 12, 12), 'rp__n_components': 30}",0.8277153558052435,0.8039950062421972,0.79625,0.8110137672090113,0.8122653316645807,0.81025,0.010442537055280516,24,0.8321350422006877,0.8258830884651454,0.8165625,0.8250546704154952,0.8141205873164636,0.8227511776795584,0.006572041977061728
161,0.4591965675354004,0.10524853429235305,0.004450559616088867,0.003918480503990155,0.001,"(12, 12, 12)",40,"{'NN__alpha': 0.001, 'NN__hidden_layer_sizes': (12, 12, 12), 'rp__n_components': 40}",0.8202247191011236,0.8227215980024969,0.80125,0.8285356695869838,0.8222778473091364,0.819,0.009294924445221476,6,0.8230697092841514,0.8274460768990309,0.83625,0.8306779131521399,0.8547328959700093,0.8344353190610663,0.011022063201140698
162,0.1637857437133789,0.018153408990497895,0.0032278060913085937,0.003953292146424723,0.0001,"(6,)",2,"{'NN__alpha': 0.0001, 'NN__hidden_layer_sizes': (6,), 'rp__n_components': 2}",0.7590511860174781,0.7590511860174781,0.75875,0.7596996245306633,0.7571964956195244,0.75875,0.0008357836410129252,160,0.7592997811816192,0.7592997811816192,0.758125,0.7575757575757576,0.7582005623242737,0.758500176452654,0.0006875771522790244
163,0.42461342811584474,0.07035152415955287,0.003239870071411133,0.003968034711280507,0.0001,"(6,)",5,"{'NN__alpha': 0.0001, 'NN__hidden_layer_sizes': (6,), 'rp__n_components': 5}",0.7553058676654182,0.7290886392009988,0.76625,0.7546933667083855,0.7384230287859824,0.74875,0.013252380350784214,190,0.7471084713973116,0.7383557361675523,0.7703125,0.7497656982193065,0.7563261480787254,0.7523737107725791,0.010662551353113545
164,0.29293041229248046,0.017538003159320956,0.0020420074462890623,0.003139955587927071,0.0001,"(6,)",10,"{'NN__alpha': 0.0001, 'NN__hidden_layer_sizes': (6,), 'rp__n_components': 10}",0.7890137328339576,0.7852684144818977,0.75875,0.7909887359198998,0.7759699624530664,0.78,0.01181122011534612,77,0.7874335729915599,0.7861831822444514,0.7896875,0.7850671665104655,0.788815995001562,0.7874374833496078,0.0016825312937852749
165,0.20672731399536132,0.0414878509833219,0.001613759994506836,0.0032275199890136725,0.0001,"(6,)",20,"{'NN__alpha': 0.0001, 'NN__hidden_layer_sizes': (6,), 'rp__n_components': 20}",0.7915106117353309,0.7965043695380774,0.79875,0.8122653316645807,0.769712140175219,0.79375,0.013835480327456306,56,0.8068146295717412,0.8140043763676149,0.7915625,0.796001249609497,0.7841299593876914,0.7985025429873088,0.010680725126071225
166,0.2811082363128662,0.036144273490763414,0.0,0.0,0.0001,"(6,)",30,"{'NN__alpha': 0.0001, 'NN__hidden_layer_sizes': (6,), 'rp__n_components': 30}",0.815230961298377,0.8089887640449438,0.7875,0.785982478097622,0.7709637046307884,0.79375,0.016201274076721072,56,0.8146295717411691,0.8161925601750547,0.7953125,0.7797563261480788,0.8078725398313027,0.8027526995791211,0.013653515812102923
167,0.2519045352935791,0.0425574689394172,0.0016068458557128907,0.0032136917114257814,0.0001,"(6,)",40,"{'NN__alpha': 0.0001, 'NN__hidden_layer_sizes': (6,), 'rp__n_components': 40}",0.8077403245942572,0.815230961298377,0.79,0.8022528160200251,0.8022528160200251,0.8035,0.008260113165034166,34,0.8268208815254767,0.8136917786808378,0.818125,0.8144329896907216,0.8113089659481412,0.8168759231690356,0.005432496708539393
168,0.1159583568572998,0.04870402360698369,0.0020086288452148436,0.00310740111430694,0.0001,"(3,)",2,"{'NN__alpha': 0.0001, 'NN__hidden_layer_sizes': (3,), 'rp__n_components': 2}",0.7403245942571786,0.7403245942571786,0.7625,0.7596996245306633,0.7596996245306633,0.7525,0.010003911350554492,180,0.745545482963426,0.745545482963426,0.75625,0.7591377694470478,0.7591377694470478,0.7531233009641896,0.00627647290169438
169,0.2024448871612549,0.022553540767278772,0.0004042148590087891,0.0008084297180175781,0.0001,"(3,)",5,"{'NN__alpha': 0.0001, 'NN__hidden_layer_sizes': (3,), 'rp__n_components': 5}",0.7378277153558053,0.7615480649188514,0.7525,0.7546933667083855,0.7584480600750939,0.753,0.008202498193288481,177,0.7442950922163176,0.7567989996874023,0.7575,0.7575757575757576,0.7588253670727898,0.7549990433104534,0.005391649214976792
170,0.16043572425842284,0.03885546071076756,0.0,0.0,0.0001,"(3,)",10,"{'NN__alpha': 0.0001, 'NN__hidden_layer_sizes': (3,), 'rp__n_components': 10}",0.766541822721598,0.7565543071161048,0.7375,0.7584480600750939,0.7809762202753442,0.76,0.0141622307630399,140,0.7649265395436073,0.7702407002188184,0.749375,0.7631990003124024,0.7616369884411122,0.7618756457031881,0.006889941334758666
171,0.45412726402282716,0.15744899374956567,0.0,0.0,0.0001,"(3,)",20,"{'NN__alpha': 0.0001, 'NN__hidden_layer_sizes': (3,), 'rp__n_components': 20}",0.818976279650437,0.8102372034956304,0.8,0.818523153942428,0.7396745932415519,0.7975,0.02970358481503513,47,0.8171303532353861,0.8174429509221631,0.804375,0.817244611059044,0.746641674476726,0.8005669179386639,0.027421621751171365
172,0.4048771858215332,0.07472692811310548,0.0020136356353759764,0.0031168165539620873,0.0001,"(3,)",30,"{'NN__alpha': 0.0001, 'NN__hidden_layer_sizes': (3,), 'rp__n_components': 30}",0.7540574282147315,0.7415730337078652,0.77,0.7797246558197747,0.785982478097622,0.76625,0.016388071006040252,105,0.7496092528915286,0.772116286339481,0.7946875,0.7863167760074976,0.7922524211184006,0.7789964472713815,0.01665209295637071
173,0.2924450397491455,0.10067435469267212,0.003220653533935547,0.003944481667987253,0.0001,"(3,)",40,"{'NN__alpha': 0.0001, 'NN__hidden_layer_sizes': (3,), 'rp__n_components': 40}",0.7865168539325843,0.7915106117353309,0.7825,0.7847309136420526,0.7571964956195244,0.7805,0.012015703486553186,75,0.7805564238824633,0.8008752735229759,0.806875,0.7794439237738207,0.7731958762886598,0.788189299493584,0.013188134564573635
174,0.14917960166931152,0.007711218572770895,0.0004043102264404297,0.0008086204528808594,0.0001,"(12,)",2,"{'NN__alpha': 0.0001, 'NN__hidden_layer_sizes': (12,), 'rp__n_components': 2}",0.7677902621722846,0.766541822721598,0.75625,0.7634543178973717,0.7672090112640801,0.76425,0.004270486192873049,120,0.769302907158487,0.7649265395436073,0.7715625,0.7653858169322086,0.7685098406747891,0.7679375208618184,0.0024863428927926782
175,0.2282968521118164,0.05590086669759363,0.0016059398651123047,0.0032118797302246095,0.0001,"(12,)",5,"{'NN__alpha': 0.0001, 'NN__hidden_layer_sizes': (12,), 'rp__n_components': 5}",0.762796504369538,0.7815230961298377,0.77,0.7684605757196495,0.7772215269086358,0.772,0.006623519630714237,91,0.7680525164113785,0.7686777117849328,0.774375,0.7694470477975632,0.774445485785692,0.7709995523559133,0.002819728316684622
176,0.20691585540771484,0.07033031008426785,0.00282902717590332,0.0037235233691139485,0.0001,"(12,)",10,"{'NN__alpha': 0.0001, 'NN__hidden_layer_sizes': (12,), 'rp__n_components': 10}",0.7365792759051186,0.7553058676654182,0.75625,0.7897371714643304,0.7872340425531915,0.765,0.0204171538267944,112,0.7527352297592997,0.7577367927477336,0.7871875,0.7897532021243362,0.7938144329896907,0.776245431524212,0.017356023957078692
177,0.3563256740570068,0.03241755562311825,0.002414846420288086,0.0029491124731700195,0.0001,"(12,)",20,"{'NN__alpha': 0.0001, 'NN__hidden_layer_sizes': (12,), 'rp__n_components': 20}",0.8077403245942572,0.7890137328339576,0.78375,0.818523153942428,0.8122653316645807,0.80225,0.01350936797380242,41,0.8018130665833073,0.8093154110659581,0.82,0.8128709778194314,0.8303655107778819,0.8148729932493157,0.009713503668834217
178,0.27008814811706544,0.026232391424729166,0.004021501541137696,0.0033552682251492202,0.0001,"(12,)",30,"{'NN__alpha': 0.0001, 'NN__hidden_layer_sizes': (12,), 'rp__n_components': 30}",0.8264669163545568,0.7940074906367042,0.80125,0.8010012515644556,0.8060075093867334,0.80575,0.011051014862539876,31,0.8215067208502657,0.8146295717411691,0.8209375,0.8141205873164636,0.8128709778194314,0.8168130715454659,0.0036496164055047804
179,0.38275723457336425,0.05981502348311793,0.0016045570373535156,0.0032091140747070312,0.0001,"(12,)",40,"{'NN__alpha': 0.0001, 'NN__hidden_layer_sizes': (12,), 'rp__n_components': 40}",0.8314606741573034,0.8314606741573034,0.80625,0.818523153942428,0.8072590738423029,0.819,0.01105795284129687,6,0.8368240075023445,0.8415129728040013,0.8340625,0.8266166822867854,0.8316151202749141,0.834126256573609,0.004990891966822311
180,0.319442081451416,0.0484195282617154,0.0,0.0,0.0001,"(6, 6)",2,"{'NN__alpha': 0.0001, 'NN__hidden_layer_sizes': (6, 6), 'rp__n_components': 2}",0.7702871410736579,0.7702871410736579,0.755,0.7684605757196495,0.7634543178973717,0.7655,0.0058150557640374205,108,0.761175367302282,0.7671147233510472,0.766875,0.767572633552015,0.7685098406747891,0.7662495129760266,0.0025979417504240036
181,0.41677017211914064,0.062235527711666204,0.002437114715576172,0.0029656527421440433,0.0001,"(6, 6)",5,"{'NN__alpha': 0.0001, 'NN__hidden_layer_sizes': (6, 6), 'rp__n_components': 5}",0.7702871410736579,0.766541822721598,0.74875,0.7509386733416771,0.7659574468085106,0.7605,0.008849528876201303,133,0.7646139418568303,0.7649265395436073,0.75875,0.7594501718213058,0.7660106216807248,0.7627502549804936,0.0030243056412727677
182,0.3825250148773193,0.09745563061717259,0.0,0.0,0.0001,"(6, 6)",10,"{'NN__alpha': 0.0001, 'NN__hidden_layer_sizes': (6, 6), 'rp__n_components': 10}",0.784019975031211,0.7915106117353309,0.77,0.7484355444305382,0.7897371714643304,0.77675,0.01603615386598801,83,0.793060331353548,0.7933729290403251,0.785625,0.7488284910965324,0.7847547641362075,0.7811283031253227,0.01654662213733608
183,0.37208251953125,0.1456411475217762,0.0064391613006591795,0.005436024490390429,0.0001,"(6, 6)",20,"{'NN__alpha': 0.0001, 'NN__hidden_layer_sizes': (6, 6), 'rp__n_components': 20}",0.7727840199750312,0.7715355805243446,0.74625,0.7659574468085106,0.7596996245306633,0.76325,0.009681511575038474,126,0.784932791497343,0.8049390434510785,0.7690625,0.7735082786629178,0.7656982193064668,0.7796281665835612,0.01422609786932021
184,0.342743444442749,0.0623159766168642,0.0,0.0,0.0001,"(6, 6)",30,"{'NN__alpha': 0.0001, 'NN__hidden_layer_sizes': (6, 6), 'rp__n_components': 30}",0.7890137328339576,0.8139825218476904,0.815,0.8060075093867334,0.8172715894868585,0.80825,0.010346706912470654,26,0.8124413879337293,0.8277586745858081,0.821875,0.8138081849422055,0.8156825991877539,0.8183131693298993,0.005720084048899811
185,0.2870072364807129,0.027614857221435776,0.0031248092651367187,0.006249618530273437,0.0001,"(6, 6)",40,"{'NN__alpha': 0.0001, 'NN__hidden_layer_sizes': (6, 6), 'rp__n_components': 40}",0.8064918851435705,0.8064918851435705,0.795,0.8035043804755945,0.8010012515644556,0.8025,0.004275771043810746,38,0.8155673648015005,0.8186933416692717,0.8153125,0.8113089659481412,0.8122461730709153,0.8146256690979656,0.002629334849736891
186,0.0846449851989746,2.9332268713435556e-06,0.0,0.0,0.0001,"(3, 3)",2,"{'NN__alpha': 0.0001, 'NN__hidden_layer_sizes': (3, 3), 'rp__n_components': 2}",0.7590511860174781,0.7590511860174781,0.75875,0.7596996245306633,0.7596996245306633,0.75925,0.0003828764417912044,144,0.7592997811816192,0.7592997811816192,0.759375,0.7591377694470478,0.7591377694470478,0.7592500202514668,9.567938552072704e-05
187,0.27451224327087403,0.01783705074294366,0.0,0.0,0.0001,"(3, 3)",5,"{'NN__alpha': 0.0001, 'NN__hidden_layer_sizes': (3, 3), 'rp__n_components': 5}",0.7540574282147315,0.7478152309612984,0.73625,0.753441802252816,0.7596996245306633,0.75025,0.007947437225664168,186,0.7624257580493904,0.7446076899030947,0.7521875,0.7613245860668542,0.7510153077163386,0.7543121683471357,0.006701712432019622
188,0.41725311279296873,0.0837605018389626,0.0013026714324951172,0.002605342864990235,0.0001,"(3, 3)",10,"{'NN__alpha': 0.0001, 'NN__hidden_layer_sizes': (3, 3), 'rp__n_components': 10}",0.7540574282147315,0.7490636704119851,0.75375,0.7108886107634543,0.7334167709637046,0.74025,0.01648368577762461,204,0.7689903094717099,0.7599249765551734,0.7696875,0.711340206185567,0.7613245860668542,0.754253515655861,0.021813292277365393
189,0.1612175464630127,0.002382729326747703,0.0029171466827392577,0.003894692417204329,0.0001,"(3, 3)",20,"{'NN__alpha': 0.0001, 'NN__hidden_layer_sizes': (3, 3), 'rp__n_components': 20}",0.7590511860174781,0.7553058676654182,0.75875,0.7596996245306633,0.7584480600750939,0.75825,0.0015303211937587342,165,0.7592997811816192,0.7589871834948422,0.75875,0.7591377694470478,0.7585129646985317,0.7589375397644081,0.00027900194261786974
190,0.4791556358337402,0.07981149944258907,0.0004047870635986328,0.0008095741271972656,0.0001,"(3, 3)",30,"{'NN__alpha': 0.0001, 'NN__hidden_layer_sizes': (3, 3), 'rp__n_components': 30}",0.7902621722846442,0.8089887640449438,0.7925,0.7909887359198998,0.7959949937421777,0.79575,0.006912330987176515,53,0.7908721475461081,0.8183807439824945,0.7984375,0.8066229303342706,0.8059981255857545,0.8040622894897254,0.00917540825558665
191,0.10434679985046387,0.004451545849598752,0.002418184280395508,0.0029565362571289493,0.0001,"(3, 3)",40,"{'NN__alpha': 0.0001, 'NN__hidden_layer_sizes': (3, 3), 'rp__n_components': 40}",0.7590511860174781,0.7590511860174781,0.75875,0.7596996245306633,0.7596996245306633,0.75925,0.0003828764417912044,144,0.7592997811816192,0.7592997811816192,0.759375,0.7591377694470478,0.7591377694470478,0.7592500202514668,9.567938552072704e-05
192,0.12083940505981446,0.030404342336489216,0.0016049385070800782,0.0032098770141601564,0.0001,"(12, 12)",2,"{'NN__alpha': 0.0001, 'NN__hidden_layer_sizes': (12, 12), 'rp__n_components': 2}",0.7590511860174781,0.7590511860174781,0.75875,0.7596996245306633,0.7647058823529411,0.76025,0.0022476879795209855,136,0.7592997811816192,0.7592997811816192,0.759375,0.7591377694470478,0.7631990003124024,0.7600622664245378,0.0015702800243460036
193,0.19587793350219726,0.07872285965953574,0.0016086578369140625,0.003217315673828125,0.0001,"(12, 12)",5,"{'NN__alpha': 0.0001, 'NN__hidden_layer_sizes': (12, 12), 'rp__n_components': 5}",0.7553058676654182,0.7640449438202247,0.76125,0.7559449311639549,0.772215269086358,0.76175,0.006166745593649784,132,0.7614879649890591,0.761175367302282,0.760625,0.7613245860668542,0.7844423617619494,0.765811056024029,0.009320170269715397
194,0.41940789222717284,0.04469779153148851,0.0016084671020507812,0.0032169342041015623,0.0001,"(12, 12)",10,"{'NN__alpha': 0.0001, 'NN__hidden_layer_sizes': (12, 12), 'rp__n_components': 10}",0.7902621722846442,0.8014981273408239,0.77875,0.8060075093867334,0.785982478097622,0.7925,0.009997938529413391,63,0.8033760550171929,0.8046264457643013,0.7990625,0.7975632614807873,0.7988128709778194,0.8006882266480202,0.0027806238318128533
195,0.4712070465087891,0.11473930431740509,0.0,0.0,0.0001,"(12, 12)",20,"{'NN__alpha': 0.0001, 'NN__hidden_layer_sizes': (12, 12), 'rp__n_components': 20}",0.8252184769038702,0.8227215980024969,0.81,0.818523153942428,0.7984981226533167,0.815,0.009732564516451651,15,0.830259456080025,0.8240075023444826,0.8259375,0.8325523273976883,0.8269290846610434,0.8279371740966479,0.0030708270705192614
196,0.3911272525787354,0.10147763136787466,0.0016038894653320312,0.0032077789306640624,0.0001,"(12, 12)",30,"{'NN__alpha': 0.0001, 'NN__hidden_layer_sizes': (12, 12), 'rp__n_components': 30}",0.8339575530586767,0.8139825218476904,0.80625,0.8247809762202754,0.8210262828535669,0.82,0.009426088385320743,5,0.8268208815254767,0.8318224445139106,0.83625,0.8403623867541393,0.8388003748828491,0.8348112175352751,0.004931068540259521
197,0.48430671691894533,0.07062021840413153,0.00081024169921875,0.0009923459645975474,0.0001,"(12, 12)",40,"{'NN__alpha': 0.0001, 'NN__hidden_layer_sizes': (12, 12), 'rp__n_components': 40}",0.8052434456928839,0.8214731585518102,0.805,0.8210262828535669,0.8222778473091364,0.815,0.008080037639822624,15,0.8311972491403563,0.8368240075023445,0.820625,0.8347391440174945,0.8400499843798813,0.8326870770080154,0.006682078519675243
198,0.22453246116638184,0.08244350340824591,0.0008179187774658203,0.001001865753249755,0.0001,"(6, 6, 6)",2,"{'NN__alpha': 0.0001, 'NN__hidden_layer_sizes': (6, 6, 6), 'rp__n_components': 2}",0.7677902621722846,0.7590511860174781,0.75875,0.7672090112640801,0.7647058823529411,0.7635,0.003898729187502417,125,0.7699281025320412,0.7592997811816192,0.759375,0.7697594501718213,0.7703842549203374,0.7657493177611638,0.005239360563904391
199,0.2939749717712402,0.12558785134400202,0.0008258819580078125,0.0010118918629788037,0.0001,"(6, 6, 6)",5,"{'NN__alpha': 0.0001, 'NN__hidden_layer_sizes': (6, 6, 6), 'rp__n_components': 5}",0.7478152309612984,0.7428214731585518,0.73875,0.7284105131414268,0.772215269086358,0.746,0.01456957059893407,195,0.7599249765551734,0.7508596436386371,0.7415625,0.7360199937519525,0.7722586691658857,0.7521251566223298,0.012951780012344481
200,0.16610455513000488,0.02983195075576018,0.0,0.0,0.0001,"(6, 6, 6)",10,"{'NN__alpha': 0.0001, 'NN__hidden_layer_sizes': (6, 6, 6), 'rp__n_components': 10}",0.7590511860174781,0.7578027465667915,0.745,0.7559449311639549,0.7571964956195244,0.755,0.005099179774978875,172,0.7564864020006252,0.758674585808065,0.755,0.7572633552014996,0.7566385504529834,0.7568125786926346,0.0011909986178377523
201,0.2531252861022949,0.009472609056071096,0.0,0.0,0.0001,"(6, 6, 6)",20,"{'NN__alpha': 0.0001, 'NN__hidden_layer_sizes': (6, 6, 6), 'rp__n_components': 20}",0.7465667915106118,0.7565543071161048,0.7575,0.7596996245306633,0.7596996245306633,0.756,0.004878412034941514,168,0.7458580806502032,0.758674585808065,0.759375,0.7588253670727898,0.7588253670727898,0.7563116801207695,0.00523225072117307
202,0.28632965087890627,0.09522062212815119,0.004728937149047851,0.006271289791809863,0.0001,"(6, 6, 6)",30,"{'NN__alpha': 0.0001, 'NN__hidden_layer_sizes': (6, 6, 6), 'rp__n_components': 30}",0.7615480649188514,0.7615480649188514,0.79875,0.7596996245306633,0.8122653316645807,0.77875,0.02225708618296813,80,0.7668021256642701,0.7683651140981557,0.798125,0.7644486098094345,0.816619806310528,0.7828721311764777,0.02087908209445991
203,0.40754079818725586,0.14333970512140215,0.004829978942871094,0.003943724514414395,0.0001,"(6, 6, 6)",40,"{'NN__alpha': 0.0001, 'NN__hidden_layer_sizes': (6, 6, 6), 'rp__n_components': 40}",0.8102372034956304,0.8114856429463171,0.785,0.8172715894868585,0.7609511889862328,0.797,0.021155872838992413,49,0.8140043763676149,0.8093154110659581,0.815,0.8316151202749141,0.7803811308965948,0.8100632077210165,0.016649171435755
204,0.11278786659240722,0.003187371284727139,0.00041222572326660156,0.0008244514465332031,0.0001,"(3, 3, 3)",2,"{'NN__alpha': 0.0001, 'NN__hidden_layer_sizes': (3, 3, 3), 'rp__n_components': 2}",0.7590511860174781,0.7590511860174781,0.75875,0.7596996245306633,0.7596996245306633,0.75925,0.0003828764417912044,144,0.7592997811816192,0.7592997811816192,0.759375,0.7591377694470478,0.7591377694470478,0.7592500202514668,9.567938552072704e-05
205,0.12049179077148438,0.008645651396896064,0.00040369033813476564,0.0008073806762695314,0.0001,"(3, 3, 3)",5,"{'NN__alpha': 0.0001, 'NN__hidden_layer_sizes': (3, 3, 3), 'rp__n_components': 5}",0.7590511860174781,0.7590511860174781,0.75875,0.7596996245306633,0.7596996245306633,0.75925,0.0003828764417912044,144,0.7592997811816192,0.7592997811816192,0.759375,0.7591377694470478,0.7591377694470478,0.7592500202514668,9.567938552072704e-05
206,0.11525731086730957,0.004645219349603334,0.0016048908233642577,0.0032097816467285155,0.0001,"(3, 3, 3)",10,"{'NN__alpha': 0.0001, 'NN__hidden_layer_sizes': (3, 3, 3), 'rp__n_components': 10}",0.24094881398252185,0.24094881398252185,0.24125,0.24030037546933666,0.24030037546933666,0.24075,0.00038287644179121894,205,0.24070021881838075,0.24070021881838075,0.240625,0.2408622305529522,0.2408622305529522,0.24074997974853315,9.567938552072555e-05
207,0.2637612819671631,0.02168931564616011,0.0,0.0,0.0001,"(3, 3, 3)",20,"{'NN__alpha': 0.0001, 'NN__hidden_layer_sizes': (3, 3, 3), 'rp__n_components': 20}",0.7365792759051186,0.7590511860174781,0.72875,0.7596996245306633,0.7571964956195244,0.74825,0.01299467027834485,193,0.7330415754923414,0.7592997811816192,0.7321875,0.7591377694470478,0.7416432364885973,0.7450619725219212,0.012023086109976574
208,0.1246826171875,0.004186903947321293,0.0024129390716552735,0.0029517000416068575,0.0001,"(3, 3, 3)",30,"{'NN__alpha': 0.0001, 'NN__hidden_layer_sizes': (3, 3, 3), 'rp__n_components': 30}",0.24094881398252185,0.24094881398252185,0.24125,0.24030037546933666,0.24030037546933666,0.24075,0.00038287644179121894,205,0.24070021881838075,0.24070021881838075,0.240625,0.2408622305529522,0.2408622305529522,0.24074997974853315,9.567938552072555e-05
209,0.12515363693237305,0.0029536062274632107,0.002412748336791992,0.0029486162098003033,0.0001,"(3, 3, 3)",40,"{'NN__alpha': 0.0001, 'NN__hidden_layer_sizes': (3, 3, 3), 'rp__n_components': 40}",0.24094881398252185,0.24094881398252185,0.24125,0.24030037546933666,0.24030037546933666,0.24075,0.00038287644179121894,205,0.24070021881838075,0.24070021881838075,0.240625,0.2408622305529522,0.2408622305529522,0.24074997974853315,9.567938552072555e-05
210,0.3063196182250977,0.07958628386148292,0.0020133018493652343,0.00311303823147045,0.0001,"(12, 12, 12)",2,"{'NN__alpha': 0.0001, 'NN__hidden_layer_sizes': (12, 12, 12), 'rp__n_components': 2}",0.7702871410736579,0.7727840199750312,0.75625,0.7784730913642053,0.772215269086358,0.77,0.007396084467638687,98,0.7696155048452642,0.7699281025320412,0.7571875,0.7703842549203374,0.7719462667916276,0.7678123258178541,0.005372507359730102
211,0.34192800521850586,0.05642462857556396,0.0004077434539794922,0.0008154869079589844,0.0001,"(12, 12, 12)",5,"{'NN__alpha': 0.0001, 'NN__hidden_layer_sizes': (12, 12, 12), 'rp__n_components': 5}",0.7765293383270911,0.7827715355805244,0.76,0.7747183979974969,0.769712140175219,0.77275,0.007622430987711756,89,0.7711784932791498,0.772116286339481,0.784375,0.7616369884411122,0.7753826929084661,0.772937892193642,0.007324826712671246
212,0.4649250030517578,0.1332046462360705,0.0004040718078613281,0.0008081436157226562,0.0001,"(12, 12, 12)",10,"{'NN__alpha': 0.0001, 'NN__hidden_layer_sizes': (12, 12, 12), 'rp__n_components': 10}",0.7752808988764045,0.8052434456928839,0.76625,0.799749687108886,0.8022528160200251,0.78975,0.015863210626884228,66,0.8124413879337293,0.798374492028759,0.7725,0.7944392377382068,0.8078725398313027,0.7971255315063995,0.013894362343096128
213,0.269852352142334,0.08717779433276723,0.0020174503326416014,0.0031025519330897997,0.0001,"(12, 12, 12)",20,"{'NN__alpha': 0.0001, 'NN__hidden_layer_sizes': (12, 12, 12), 'rp__n_components': 20}",0.7740324594257179,0.7228464419475655,0.77625,0.7972465581977471,0.753441802252816,0.76475,0.02513581737156024,116,0.7724288840262582,0.7521100343857455,0.7978125,0.7935020306154327,0.7603873789440799,0.7752481655943033,0.017924939161009897
214,0.36306004524230956,0.08688566290762129,0.00040326118469238283,0.0008065223693847657,0.0001,"(12, 12, 12)",30,"{'NN__alpha': 0.0001, 'NN__hidden_layer_sizes': (12, 12, 12), 'rp__n_components': 30}",0.8277153558052435,0.8039950062421972,0.79625,0.8122653316645807,0.8110137672090113,0.81025,0.010442537055280516,24,0.8321350422006877,0.8258830884651454,0.8165625,0.8250546704154952,0.8144329896907216,0.8228136581544099,0.00649067517435132
215,0.48777146339416505,0.14556329191229989,0.003624105453491211,0.004482153179815738,0.0001,"(12, 12, 12)",40,"{'NN__alpha': 0.0001, 'NN__hidden_layer_sizes': (12, 12, 12), 'rp__n_components': 40}",0.818976279650437,0.8227215980024969,0.8,0.8260325406758448,0.8247809762202754,0.8185,0.009553961345315184,10,0.8227571115973742,0.8261956861519225,0.8346875,0.8300531084036239,0.8612933458294283,0.8349973503964698,0.013735455225763832
